outcome,arm,model,fraction,gain_per_1000
visit,Mens e-mail,DR-learner,0.0,0.0
visit,Mens e-mail,DR-learner,0.01,0.4650216347220507
visit,Mens e-mail,DR-learner,0.02,2.6854694714214076
visit,Mens e-mail,DR-learner,0.03,3.892074433375544
visit,Mens e-mail,DR-learner,0.04,4.578745685160619
visit,Mens e-mail,DR-learner,0.05,5.295745059580395
visit,Mens e-mail,DR-learner,0.06,6.579704454172371
visit,Mens e-mail,DR-learner,0.07,7.309625214229811
visit,Mens e-mail,DR-learner,0.08,8.674528496019214
visit,Mens e-mail,DR-learner,0.09,9.104565489906713
visit,Mens e-mail,DR-learner,0.1,10.492077149461366
visit,Mens e-mail,DR-learner,0.11,11.046900808769092
visit,Mens e-mail,DR-learner,0.12,12.383433286301637
visit,Mens e-mail,DR-learner,0.13,13.051459539264687
visit,Mens e-mail,DR-learner,0.14,13.11529620748309
visit,Mens e-mail,DR-learner,0.15,13.104142268944116
visit,Mens e-mail,DR-learner,0.16,13.764613809351177
visit,Mens e-mail,DR-learner,0.17,14.251966063413645
visit,Mens e-mail,DR-learner,0.18,15.222640166790066
visit,Mens e-mail,DR-learner,0.19,16.191928567309223
visit,Mens e-mail,DR-learner,0.2,16.892167690116363
visit,Mens e-mail,DR-learner,0.21,17.888034713000437
visit,Mens e-mail,DR-learner,0.22,18.601258838981543
visit,Mens e-mail,DR-learner,0.23,19.50279821834647
visit,Mens e-mail,DR-learner,0.24,19.940300761578584
visit,Mens e-mail,DR-learner,0.25,20.1302239088798
visit,Mens e-mail,DR-learner,0.26,21.097075235281437
visit,Mens e-mail,DR-learner,0.27,21.844699270035516
visit,Mens e-mail,DR-learner,0.28,22.80137205449102
visit,Mens e-mail,DR-learner,0.29,22.877442358728615
visit,Mens e-mail,DR-learner,0.3,23.595273844047828
visit,Mens e-mail,DR-learner,0.31,23.794615252280803
visit,Mens e-mail,DR-learner,0.32,24.070961079989168
visit,Mens e-mail,DR-learner,0.33,24.214974191993605
visit,Mens e-mail,DR-learner,0.34,24.735663415004765
visit,Mens e-mail,DR-learner,0.35,26.225766560648168
visit,Mens e-mail,DR-learner,0.36,28.089495949174466
visit,Mens e-mail,DR-learner,0.37,28.8089710702775
visit,Mens e-mail,DR-learner,0.38,29.638101826101018
visit,Mens e-mail,DR-learner,0.39,30.06203607136873
visit,Mens e-mail,DR-learner,0.4,30.636306869004716
visit,Mens e-mail,DR-learner,0.41,31.205007398691592
visit,Mens e-mail,DR-learner,0.42,32.10426826525922
visit,Mens e-mail,DR-learner,0.43,32.636420026545615
visit,Mens e-mail,DR-learner,0.44,32.92898106513978
visit,Mens e-mail,DR-learner,0.45,33.419568757424
visit,Mens e-mail,DR-learner,0.46,33.626573093230895
visit,Mens e-mail,DR-learner,0.47,34.77584285216996
visit,Mens e-mail,DR-learner,0.48,35.584668512761944
visit,Mens e-mail,DR-learner,0.49,36.24397191878925
visit,Mens e-mail,DR-learner,0.5,36.76844448698331
visit,Mens e-mail,DR-learner,0.51,37.659735866857496
visit,Mens e-mail,DR-learner,0.52,39.061406839953364
visit,Mens e-mail,DR-learner,0.53,39.9801481372469
visit,Mens e-mail,DR-learner,0.54,41.050876062042725
visit,Mens e-mail,DR-learner,0.55,41.80088258571749
visit,Mens e-mail,DR-learner,0.56,42.18461497309714
visit,Mens e-mail,DR-learner,0.57,42.68587429684083
visit,Mens e-mail,DR-learner,0.58,43.83688719648873
visit,Mens e-mail,DR-learner,0.59,44.604989993596746
visit,Mens e-mail,DR-learner,0.6,45.8262169355416
visit,Mens e-mail,DR-learner,0.61,46.60783002421058
visit,Mens e-mail,DR-learner,0.62,46.94756784742566
visit,Mens e-mail,DR-learner,0.63,48.0679755408844
visit,Mens e-mail,DR-learner,0.64,48.9046985684425
visit,Mens e-mail,DR-learner,0.65,49.2380502375083
visit,Mens e-mail,DR-learner,0.66,49.950824302641834
visit,Mens e-mail,DR-learner,0.67,51.095851853463344
visit,Mens e-mail,DR-learner,0.68,51.531922433576405
visit,Mens e-mail,DR-learner,0.69,51.95311336013537
visit,Mens e-mail,DR-learner,0.7,52.66100913127542
visit,Mens e-mail,DR-learner,0.71,53.42476804342527
visit,Mens e-mail,DR-learner,0.72,54.45880820858218
visit,Mens e-mail,DR-learner,0.73,55.06026583534647
visit,Mens e-mail,DR-learner,0.74,56.048445341172055
visit,Mens e-mail,DR-learner,0.75,57.079228574124485
visit,Mens e-mail,DR-learner,0.76,57.230869202733444
visit,Mens e-mail,DR-learner,0.77,58.100145137293545
visit,Mens e-mail,DR-learner,0.78,59.26282483402331
visit,Mens e-mail,DR-learner,0.79,59.7196443174372
visit,Mens e-mail,DR-learner,0.8,60.38464797560906
visit,Mens e-mail,DR-learner,0.81,61.536391102898826
visit,Mens e-mail,DR-learner,0.82,62.22661608527975
visit,Mens e-mail,DR-learner,0.83,62.867995934346126
visit,Mens e-mail,DR-learner,0.84,63.32210338644441
visit,Mens e-mail,DR-learner,0.85,64.28665001392551
visit,Mens e-mail,DR-learner,0.86,65.32408031495206
visit,Mens e-mail,DR-learner,0.87,66.59958852079863
visit,Mens e-mail,DR-learner,0.88,67.06657439138505
visit,Mens e-mail,DR-learner,0.89,67.96424943366631
visit,Mens e-mail,DR-learner,0.9,68.95719774769304
visit,Mens e-mail,DR-learner,0.91,69.52975152709209
visit,Mens e-mail,DR-learner,0.92,70.20657449520397
visit,Mens e-mail,DR-learner,0.93,70.77790934492425
visit,Mens e-mail,DR-learner,0.94,71.33073267125114
visit,Mens e-mail,DR-learner,0.95,71.91440041928097
visit,Mens e-mail,DR-learner,0.96,72.98564753785796
visit,Mens e-mail,DR-learner,0.97,73.89010093001261
visit,Mens e-mail,DR-learner,0.98,75.02905378652585
visit,Mens e-mail,DR-learner,0.99,75.91810985831476
visit,Mens e-mail,DR-learner,1.0,76.58956365153125
visit,Mens e-mail,S-learner,0.0,0.0
visit,Mens e-mail,S-learner,0.01,1.262901528106414
visit,Mens e-mail,S-learner,0.02,2.684958123543996
visit,Mens e-mail,S-learner,0.03,4.614513554599297
visit,Mens e-mail,S-learner,0.04,5.97847904879159
visit,Mens e-mail,S-learner,0.05,7.279425172255303
visit,Mens e-mail,S-learner,0.06,8.481170715393173
visit,Mens e-mail,S-learner,0.07,9.036244558515026
visit,Mens e-mail,S-learner,0.08,10.25071276567549
visit,Mens e-mail,S-learner,0.09,11.356127087588511
visit,Mens e-mail,S-learner,0.1,11.790275241950054
visit,Mens e-mail,S-learner,0.11,12.098857922416668
visit,Mens e-mail,S-learner,0.12,13.054359129991782
visit,Mens e-mail,S-learner,0.13,13.544719156096168
visit,Mens e-mail,S-learner,0.14,13.917395988235974
visit,Mens e-mail,S-learner,0.15,14.810698216434467
visit,Mens e-mail,S-learner,0.16,15.56442206430553
visit,Mens e-mail,S-learner,0.17,16.198224423181372
visit,Mens e-mail,S-learner,0.18,17.106059996763644
visit,Mens e-mail,S-learner,0.19,17.525400730578195
visit,Mens e-mail,S-learner,0.2,17.85553614513743
visit,Mens e-mail,S-learner,0.21,18.236688720844484
visit,Mens e-mail,S-learner,0.22,18.769906866662293
visit,Mens e-mail,S-learner,0.23,19.24780775255264
visit,Mens e-mail,S-learner,0.24,20.40999595277495
visit,Mens e-mail,S-learner,0.25,21.261297484063054
visit,Mens e-mail,S-learner,0.26,21.629043953521762
visit,Mens e-mail,S-learner,0.27,22.631129795529134
visit,Mens e-mail,S-learner,0.28,23.625956612540083
visit,Mens e-mail,S-learner,0.29,24.54431509594601
visit,Mens e-mail,S-learner,0.3,25.52315007129999
visit,Mens e-mail,S-learner,0.31,26.231060479909722
visit,Mens e-mail,S-learner,0.32,26.687854164249078
visit,Mens e-mail,S-learner,0.33,27.71067114541966
visit,Mens e-mail,S-learner,0.34,28.771828426422488
visit,Mens e-mail,S-learner,0.35,29.829891173483798
visit,Mens e-mail,S-learner,0.36,30.32004034844512
visit,Mens e-mail,S-learner,0.37,31.06667383164724
visit,Mens e-mail,S-learner,0.38,31.55037767110526
visit,Mens e-mail,S-learner,0.39,32.03919858524467
visit,Mens e-mail,S-learner,0.4,32.53716858375694
visit,Mens e-mail,S-learner,0.41,33.250307373696664
visit,Mens e-mail,S-learner,0.42,33.61161078727151
visit,Mens e-mail,S-learner,0.43,34.51353080185905
visit,Mens e-mail,S-learner,0.44,35.15301631171807
visit,Mens e-mail,S-learner,0.45,35.25734334228176
visit,Mens e-mail,S-learner,0.46,35.89166610214451
visit,Mens e-mail,S-learner,0.47,36.582207646905005
visit,Mens e-mail,S-learner,0.48,37.14866307087891
visit,Mens e-mail,S-learner,0.49,37.883581784408946
visit,Mens e-mail,S-learner,0.5,38.307802858307966
visit,Mens e-mail,S-learner,0.51,39.09018987558281
visit,Mens e-mail,S-learner,0.52,39.50879793311192
visit,Mens e-mail,S-learner,0.53,40.38571320552411
visit,Mens e-mail,S-learner,0.54,41.27870407333354
visit,Mens e-mail,S-learner,0.55,42.202305652072276
visit,Mens e-mail,S-learner,0.56,42.512601770300215
visit,Mens e-mail,S-learner,0.57,43.558775286523435
visit,Mens e-mail,S-learner,0.58,43.914579040029366
visit,Mens e-mail,S-learner,0.59,44.776645222995725
visit,Mens e-mail,S-learner,0.6,45.683595544450846
visit,Mens e-mail,S-learner,0.61,46.6001867043711
visit,Mens e-mail,S-learner,0.62,47.521957050363504
visit,Mens e-mail,S-learner,0.63,48.97708068398686
visit,Mens e-mail,S-learner,0.64,49.585263981210254
visit,Mens e-mail,S-learner,0.65,50.38138285503629
visit,Mens e-mail,S-learner,0.66,51.398348185603595
visit,Mens e-mail,S-learner,0.67,52.38314328934347
visit,Mens e-mail,S-learner,0.68,53.166214305475876
visit,Mens e-mail,S-learner,0.69,54.14863861895233
visit,Mens e-mail,S-learner,0.7,54.53135442439358
visit,Mens e-mail,S-learner,0.71,54.9067925743435
visit,Mens e-mail,S-learner,0.72,55.81318790414812
visit,Mens e-mail,S-learner,0.73,56.533239737008074
visit,Mens e-mail,S-learner,0.74,56.81058337333326
visit,Mens e-mail,S-learner,0.75,57.123300037370605
visit,Mens e-mail,S-learner,0.76,58.18558922110449
visit,Mens e-mail,S-learner,0.77,59.33371865487058
visit,Mens e-mail,S-learner,0.78,60.09209427104752
visit,Mens e-mail,S-learner,0.79,61.0846296939979
visit,Mens e-mail,S-learner,0.8,62.291441679763864
visit,Mens e-mail,S-learner,0.81,62.625436209955836
visit,Mens e-mail,S-learner,0.82,63.62964097073383
visit,Mens e-mail,S-learner,0.83,63.711005358068995
visit,Mens e-mail,S-learner,0.84,63.831432272275805
visit,Mens e-mail,S-learner,0.85,64.70021223193403
visit,Mens e-mail,S-learner,0.86,65.6234672829961
visit,Mens e-mail,S-learner,0.87,66.35226498025021
visit,Mens e-mail,S-learner,0.88,67.40207721877375
visit,Mens e-mail,S-learner,0.89,68.1037036351046
visit,Mens e-mail,S-learner,0.9,68.92445643523885
visit,Mens e-mail,S-learner,0.91,69.39706654496042
visit,Mens e-mail,S-learner,0.92,70.7008626305966
visit,Mens e-mail,S-learner,0.93,71.46152961936521
visit,Mens e-mail,S-learner,0.94,72.23664176907688
visit,Mens e-mail,S-learner,0.95,72.61420566323005
visit,Mens e-mail,S-learner,0.96,73.52310557801886
visit,Mens e-mail,S-learner,0.97,74.52059643303086
visit,Mens e-mail,S-learner,0.98,75.08248060597555
visit,Mens e-mail,S-learner,0.99,75.69077600368018
visit,Mens e-mail,S-learner,1.0,76.58956365153125
visit,Mens e-mail,T-learner,0.0,0.0
visit,Mens e-mail,T-learner,0.01,1.1852747686239762
visit,Mens e-mail,T-learner,0.02,2.2798727138118426
visit,Mens e-mail,T-learner,0.03,4.329115068937534
visit,Mens e-mail,T-learner,0.04,5.233474316956988
visit,Mens e-mail,T-learner,0.05,5.8310244822912045
visit,Mens e-mail,T-learner,0.06,6.621854989013935
visit,Mens e-mail,T-learner,0.07,7.354503334368859
visit,Mens e-mail,T-learner,0.08,8.22791215583275
visit,Mens e-mail,T-learner,0.09,9.595912748837346
visit,Mens e-mail,T-learner,0.1,10.103473484776117
visit,Mens e-mail,T-learner,0.11,10.889751220412839
visit,Mens e-mail,T-learner,0.12,11.72033058037411
visit,Mens e-mail,T-learner,0.13,12.313307715736503
visit,Mens e-mail,T-learner,0.14,13.215345427967115
visit,Mens e-mail,T-learner,0.15,13.72615763923733
visit,Mens e-mail,T-learner,0.16,14.61934668231975
visit,Mens e-mail,T-learner,0.17,15.417831082246787
visit,Mens e-mail,T-learner,0.18,16.185461453595963
visit,Mens e-mail,T-learner,0.19,16.85019215330251
visit,Mens e-mail,T-learner,0.2,17.6668075464303
visit,Mens e-mail,T-learner,0.21,18.61533428789751
visit,Mens e-mail,T-learner,0.22,18.86462906486133
visit,Mens e-mail,T-learner,0.23,19.300922967751774
visit,Mens e-mail,T-learner,0.24,19.63054812685224
visit,Mens e-mail,T-learner,0.25,20.57593302020939
visit,Mens e-mail,T-learner,0.26,21.266737648072567
visit,Mens e-mail,T-learner,0.27,21.58164323594669
visit,Mens e-mail,T-learner,0.28,22.651528877674295
visit,Mens e-mail,T-learner,0.29,23.607913871772055
visit,Mens e-mail,T-learner,0.3,24.604789424890733
visit,Mens e-mail,T-learner,0.31,24.81183983345127
visit,Mens e-mail,T-learner,0.32,25.27513197449416
visit,Mens e-mail,T-learner,0.33,26.178860852678977
visit,Mens e-mail,T-learner,0.34,26.325106297146306
visit,Mens e-mail,T-learner,0.35,27.08918679003639
visit,Mens e-mail,T-learner,0.36,28.486622073606412
visit,Mens e-mail,T-learner,0.37,29.442401517401915
visit,Mens e-mail,T-learner,0.38,30.21443476975685
visit,Mens e-mail,T-learner,0.39,30.813486769386923
visit,Mens e-mail,T-learner,0.4,31.132264081471526
visit,Mens e-mail,T-learner,0.41,32.04412536731562
visit,Mens e-mail,T-learner,0.42,33.37697361008266
visit,Mens e-mail,T-learner,0.43,34.49576977048013
visit,Mens e-mail,T-learner,0.44,34.63591939319434
visit,Mens e-mail,T-learner,0.45,35.34709603453144
visit,Mens e-mail,T-learner,0.46,35.72763966105515
visit,Mens e-mail,T-learner,0.47,36.774167552086915
visit,Mens e-mail,T-learner,0.48,38.68179709948764
visit,Mens e-mail,T-learner,0.49,39.21100197914812
visit,Mens e-mail,T-learner,0.5,40.11613615753524
visit,Mens e-mail,T-learner,0.51,41.0798382179511
visit,Mens e-mail,T-learner,0.52,41.65204421002898
visit,Mens e-mail,T-learner,0.53,42.43873496543899
visit,Mens e-mail,T-learner,0.54,42.58105807567625
visit,Mens e-mail,T-learner,0.55,43.07676071617121
visit,Mens e-mail,T-learner,0.56,43.99337112987039
visit,Mens e-mail,T-learner,0.57,44.67357210749739
visit,Mens e-mail,T-learner,0.58,45.62325317355838
visit,Mens e-mail,T-learner,0.59,46.01311464970726
visit,Mens e-mail,T-learner,0.6,46.71530430025287
visit,Mens e-mail,T-learner,0.61,47.33624597365905
visit,Mens e-mail,T-learner,0.62,48.644321776773396
visit,Mens e-mail,T-learner,0.63,48.97431002379223
visit,Mens e-mail,T-learner,0.64,49.842116996826626
visit,Mens e-mail,T-learner,0.65,50.489203499671056
visit,Mens e-mail,T-learner,0.66,51.55576571307693
visit,Mens e-mail,T-learner,0.67,52.06869891558498
visit,Mens e-mail,T-learner,0.68,52.31574927253169
visit,Mens e-mail,T-learner,0.69,52.38488631366031
visit,Mens e-mail,T-learner,0.7,52.65207684711069
visit,Mens e-mail,T-learner,0.71,53.79565504920528
visit,Mens e-mail,T-learner,0.72,54.55450754275441
visit,Mens e-mail,T-learner,0.73,55.47563256100149
visit,Mens e-mail,T-learner,0.74,55.992961127552476
visit,Mens e-mail,T-learner,0.75,56.561819590142754
visit,Mens e-mail,T-learner,0.76,57.173525750461735
visit,Mens e-mail,T-learner,0.77,58.03583318119717
visit,Mens e-mail,T-learner,0.78,58.8587417583886
visit,Mens e-mail,T-learner,0.79,60.226298943838884
visit,Mens e-mail,T-learner,0.8,61.382739604142145
visit,Mens e-mail,T-learner,0.81,61.99530408268506
visit,Mens e-mail,T-learner,0.82,63.12946005810467
visit,Mens e-mail,T-learner,0.83,63.34927870851242
visit,Mens e-mail,T-learner,0.84,63.77148089601234
visit,Mens e-mail,T-learner,0.85,65.25910967555562
visit,Mens e-mail,T-learner,0.86,66.28483071752116
visit,Mens e-mail,T-learner,0.87,67.24719250930036
visit,Mens e-mail,T-learner,0.88,67.85642536123773
visit,Mens e-mail,T-learner,0.89,68.57217846047644
visit,Mens e-mail,T-learner,0.9,69.20738659057481
visit,Mens e-mail,T-learner,0.91,70.22722401070489
visit,Mens e-mail,T-learner,0.92,71.1989134196815
visit,Mens e-mail,T-learner,0.93,71.63457855788221
visit,Mens e-mail,T-learner,0.94,72.71520601763243
visit,Mens e-mail,T-learner,0.95,73.64492170892628
visit,Mens e-mail,T-learner,0.96,74.5816560686027
visit,Mens e-mail,T-learner,0.97,74.334956399519
visit,Mens e-mail,T-learner,0.98,74.60710515762497
visit,Mens e-mail,T-learner,0.99,75.60015893459487
visit,Mens e-mail,T-learner,1.0,76.58956365153125
visit,Mens e-mail,Transformed outcome,0.0,0.0
visit,Mens e-mail,Transformed outcome,0.01,0.6840200226534751
visit,Mens e-mail,Transformed outcome,0.02,1.5272515211671958
visit,Mens e-mail,Transformed outcome,0.03,2.9550203719418002
visit,Mens e-mail,Transformed outcome,0.04,3.480101013821712
visit,Mens e-mail,Transformed outcome,0.05,5.068064922948973
visit,Mens e-mail,Transformed outcome,0.06,6.128858916898107
visit,Mens e-mail,Transformed outcome,0.07,7.170698178941627
visit,Mens e-mail,Transformed outcome,0.08,7.988388318055795
visit,Mens e-mail,Transformed outcome,0.09,9.203242287128422
visit,Mens e-mail,Transformed outcome,0.1,9.210482968639061
visit,Mens e-mail,Transformed outcome,0.11,10.110260119009421
visit,Mens e-mail,Transformed outcome,0.12,10.538756267319739
visit,Mens e-mail,Transformed outcome,0.13,11.083902256678678
visit,Mens e-mail,Transformed outcome,0.14,12.352800940986437
visit,Mens e-mail,Transformed outcome,0.15,13.386426471995975
visit,Mens e-mail,Transformed outcome,0.16,13.96517848032626
visit,Mens e-mail,Transformed outcome,0.17,14.716178850760922
visit,Mens e-mail,Transformed outcome,0.18,15.859236749590961
visit,Mens e-mail,Transformed outcome,0.19,16.458590290951644
visit,Mens e-mail,Transformed outcome,0.2,16.96422912733181
visit,Mens e-mail,Transformed outcome,0.21,18.25568551769449
visit,Mens e-mail,Transformed outcome,0.22,18.822590015146925
visit,Mens e-mail,Transformed outcome,0.23,19.572890607467816
visit,Mens e-mail,Transformed outcome,0.24,20.514218784571295
visit,Mens e-mail,Transformed outcome,0.25,21.224353430210186
visit,Mens e-mail,Transformed outcome,0.26,22.132563593165994
visit,Mens e-mail,Transformed outcome,0.27,22.67960586563427
visit,Mens e-mail,Transformed outcome,0.28,22.948307651430166
visit,Mens e-mail,Transformed outcome,0.29,23.792258492990776
visit,Mens e-mail,Transformed outcome,0.3,24.523949950890994
visit,Mens e-mail,Transformed outcome,0.31,25.22688725504426
visit,Mens e-mail,Transformed outcome,0.32,26.140594720126174
visit,Mens e-mail,Transformed outcome,0.33,27.218067219547297
visit,Mens e-mail,Transformed outcome,0.34,27.332579705286264
visit,Mens e-mail,Transformed outcome,0.35,28.079940590180197
visit,Mens e-mail,Transformed outcome,0.36,28.693539744110996
visit,Mens e-mail,Transformed outcome,0.37,29.511729032381606
visit,Mens e-mail,Transformed outcome,0.38,30.354016036872093
visit,Mens e-mail,Transformed outcome,0.39,30.966947492921772
visit,Mens e-mail,Transformed outcome,0.4,31.62849328203938
visit,Mens e-mail,Transformed outcome,0.41,32.484595750994046
visit,Mens e-mail,Transformed outcome,0.42,33.26745755755393
visit,Mens e-mail,Transformed outcome,0.43,33.96752683244782
visit,Mens e-mail,Transformed outcome,0.44,34.54402134682846
visit,Mens e-mail,Transformed outcome,0.45,35.081633312385115
visit,Mens e-mail,Transformed outcome,0.46,35.937196827374315
visit,Mens e-mail,Transformed outcome,0.47,36.38107542337028
visit,Mens e-mail,Transformed outcome,0.48,37.19743925203144
visit,Mens e-mail,Transformed outcome,0.49,37.846338092588546
visit,Mens e-mail,Transformed outcome,0.5,38.74962182542052
visit,Mens e-mail,Transformed outcome,0.51,39.43000825365327
visit,Mens e-mail,Transformed outcome,0.52,39.961476421469634
visit,Mens e-mail,Transformed outcome,0.53,40.50748001882192
visit,Mens e-mail,Transformed outcome,0.54,41.59906349940682
visit,Mens e-mail,Transformed outcome,0.55,42.078455415935935
visit,Mens e-mail,Transformed outcome,0.56,42.79806180284443
visit,Mens e-mail,Transformed outcome,0.57,44.286206920168674
visit,Mens e-mail,Transformed outcome,0.58,45.351945797308844
visit,Mens e-mail,Transformed outcome,0.59,45.887053413145914
visit,Mens e-mail,Transformed outcome,0.6,46.45050075932548
visit,Mens e-mail,Transformed outcome,0.61,47.37129797502444
visit,Mens e-mail,Transformed outcome,0.62,47.63483812535004
visit,Mens e-mail,Transformed outcome,0.63,48.435438202426155
visit,Mens e-mail,Transformed outcome,0.64,48.809512065809756
visit,Mens e-mail,Transformed outcome,0.65,49.62152983013105
visit,Mens e-mail,Transformed outcome,0.66,49.989394279678095
visit,Mens e-mail,Transformed outcome,0.67,50.33330616271846
visit,Mens e-mail,Transformed outcome,0.68,50.897375595991875
visit,Mens e-mail,Transformed outcome,0.69,51.8633781051905
visit,Mens e-mail,Transformed outcome,0.7,52.24062142707987
visit,Mens e-mail,Transformed outcome,0.71,52.864083728396864
visit,Mens e-mail,Transformed outcome,0.72,53.23803090616847
visit,Mens e-mail,Transformed outcome,0.73,54.15148718768811
visit,Mens e-mail,Transformed outcome,0.74,54.76372931349281
visit,Mens e-mail,Transformed outcome,0.75,55.05685781074227
visit,Mens e-mail,Transformed outcome,0.76,55.75845736804528
visit,Mens e-mail,Transformed outcome,0.77,56.79078979778703
visit,Mens e-mail,Transformed outcome,0.78,57.99581085716618
visit,Mens e-mail,Transformed outcome,0.79,59.039408558118225
visit,Mens e-mail,Transformed outcome,0.8,60.29695848726332
visit,Mens e-mail,Transformed outcome,0.81,61.128323737111366
visit,Mens e-mail,Transformed outcome,0.82,61.541146968303075
visit,Mens e-mail,Transformed outcome,0.83,62.89243529364546
visit,Mens e-mail,Transformed outcome,0.84,64.1615746613185
visit,Mens e-mail,Transformed outcome,0.85,65.18822531732052
visit,Mens e-mail,Transformed outcome,0.86,65.90302205634589
visit,Mens e-mail,Transformed outcome,0.87,66.02256916638407
visit,Mens e-mail,Transformed outcome,0.88,66.70666415640288
visit,Mens e-mail,Transformed outcome,0.89,67.56106244358135
visit,Mens e-mail,Transformed outcome,0.9,68.1062736336665
visit,Mens e-mail,Transformed outcome,0.91,69.16795256178114
visit,Mens e-mail,Transformed outcome,0.92,69.83215958950676
visit,Mens e-mail,Transformed outcome,0.93,70.75740334517485
visit,Mens e-mail,Transformed outcome,0.94,71.8276104307026
visit,Mens e-mail,Transformed outcome,0.95,72.35184820039443
visit,Mens e-mail,Transformed outcome,0.96,72.83396626405985
visit,Mens e-mail,Transformed outcome,0.97,73.56148416901588
visit,Mens e-mail,Transformed outcome,0.98,74.46654348759692
visit,Mens e-mail,Transformed outcome,0.99,75.41711111894189
visit,Mens e-mail,Transformed outcome,1.0,76.58956365153125
visit,Mens e-mail,X-learner,0.0,0.0
visit,Mens e-mail,X-learner,0.01,1.1471708690632763
visit,Mens e-mail,X-learner,0.02,2.8522174437882115
visit,Mens e-mail,X-learner,0.03,4.378460314736649
visit,Mens e-mail,X-learner,0.04,5.48327666053508
visit,Mens e-mail,X-learner,0.05,6.545253275207891
visit,Mens e-mail,X-learner,0.06,7.699578791548591
visit,Mens e-mail,X-learner,0.07,7.957201719473908
visit,Mens e-mail,X-learner,0.08,9.484900313115476
visit,Mens e-mail,X-learner,0.09,10.52228901189357
visit,Mens e-mail,X-learner,0.1,11.072370062805929
visit,Mens e-mail,X-learner,0.11,11.774325196894697
visit,Mens e-mail,X-learner,0.12,12.273759507236003
visit,Mens e-mail,X-learner,0.13,13.593523657743997
visit,Mens e-mail,X-learner,0.14,13.875466154491948
visit,Mens e-mail,X-learner,0.15,14.644386858823967
visit,Mens e-mail,X-learner,0.16,15.147810225650217
visit,Mens e-mail,X-learner,0.17,15.758395097489924
visit,Mens e-mail,X-learner,0.18,16.70142641896057
visit,Mens e-mail,X-learner,0.19,16.754890699639667
visit,Mens e-mail,X-learner,0.2,17.155319654444302
visit,Mens e-mail,X-learner,0.21,18.106428906447114
visit,Mens e-mail,X-learner,0.22,18.704890071070217
visit,Mens e-mail,X-learner,0.23,19.690468312862865
visit,Mens e-mail,X-learner,0.24,20.399646945176414
visit,Mens e-mail,X-learner,0.25,21.067082169937628
visit,Mens e-mail,X-learner,0.26,21.311199316370164
visit,Mens e-mail,X-learner,0.27,21.94494703710264
visit,Mens e-mail,X-learner,0.28,22.940445212386972
visit,Mens e-mail,X-learner,0.29,23.634040118900547
visit,Mens e-mail,X-learner,0.3,23.50372901425388
visit,Mens e-mail,X-learner,0.31,24.406721431998452
visit,Mens e-mail,X-learner,0.32,25.493078925712076
visit,Mens e-mail,X-learner,0.33,26.290412246554755
visit,Mens e-mail,X-learner,0.34,26.853311850225023
visit,Mens e-mail,X-learner,0.35,27.521287374676316
visit,Mens e-mail,X-learner,0.36,28.256922626798442
visit,Mens e-mail,X-learner,0.37,28.427607988862345
visit,Mens e-mail,X-learner,0.38,29.39385310517032
visit,Mens e-mail,X-learner,0.39,30.230836927775954
visit,Mens e-mail,X-learner,0.4,30.781468308382067
visit,Mens e-mail,X-learner,0.41,32.119721512984725
visit,Mens e-mail,X-learner,0.42,32.835021869154815
visit,Mens e-mail,X-learner,0.43,34.18395400638515
visit,Mens e-mail,X-learner,0.44,34.863716202475324
visit,Mens e-mail,X-learner,0.45,35.44583861707183
visit,Mens e-mail,X-learner,0.46,36.32059288701726
visit,Mens e-mail,X-learner,0.47,37.282017833826465
visit,Mens e-mail,X-learner,0.48,38.154760004249674
visit,Mens e-mail,X-learner,0.49,38.78872985409766
visit,Mens e-mail,X-learner,0.5,39.549081027366775
visit,Mens e-mail,X-learner,0.51,40.394522208040215
visit,Mens e-mail,X-learner,0.52,41.275470855110434
visit,Mens e-mail,X-learner,0.53,41.84217530828288
visit,Mens e-mail,X-learner,0.54,42.20314498175253
visit,Mens e-mail,X-learner,0.55,43.223388582859435
visit,Mens e-mail,X-learner,0.56,44.15587194727782
visit,Mens e-mail,X-learner,0.57,44.89785801464511
visit,Mens e-mail,X-learner,0.58,45.111459545755665
visit,Mens e-mail,X-learner,0.59,45.632496561926025
visit,Mens e-mail,X-learner,0.6,46.902910945837185
visit,Mens e-mail,X-learner,0.61,47.125910188129666
visit,Mens e-mail,X-learner,0.62,47.67813803517986
visit,Mens e-mail,X-learner,0.63,48.23692827044739
visit,Mens e-mail,X-learner,0.64,48.69406838075599
visit,Mens e-mail,X-learner,0.65,49.50834329410717
visit,Mens e-mail,X-learner,0.66,49.99600254729311
visit,Mens e-mail,X-learner,0.67,51.36356566732408
visit,Mens e-mail,X-learner,0.68,51.79271724694578
visit,Mens e-mail,X-learner,0.69,52.87364434805543
visit,Mens e-mail,X-learner,0.7,53.10902208889876
visit,Mens e-mail,X-learner,0.71,53.849941471702266
visit,Mens e-mail,X-learner,0.72,55.34223518929448
visit,Mens e-mail,X-learner,0.73,55.715363471148045
visit,Mens e-mail,X-learner,0.74,56.355563923944786
visit,Mens e-mail,X-learner,0.75,57.200085233463334
visit,Mens e-mail,X-learner,0.76,57.484051396200535
visit,Mens e-mail,X-learner,0.77,58.16966722823675
visit,Mens e-mail,X-learner,0.78,58.890621630027105
visit,Mens e-mail,X-learner,0.79,59.791035711155715
visit,Mens e-mail,X-learner,0.8,60.5104999409798
visit,Mens e-mail,X-learner,0.81,60.96937485252096
visit,Mens e-mail,X-learner,0.82,61.55263999301783
visit,Mens e-mail,X-learner,0.83,62.03303540389132
visit,Mens e-mail,X-learner,0.84,62.954986946328034
visit,Mens e-mail,X-learner,0.85,63.96598838241209
visit,Mens e-mail,X-learner,0.86,65.36642389846452
visit,Mens e-mail,X-learner,0.87,66.11058369268127
visit,Mens e-mail,X-learner,0.88,66.84800672507804
visit,Mens e-mail,X-learner,0.89,67.96963358837152
visit,Mens e-mail,X-learner,0.9,68.3968548312687
visit,Mens e-mail,X-learner,0.91,69.34953568518105
visit,Mens e-mail,X-learner,0.92,70.13443639979839
visit,Mens e-mail,X-learner,0.93,71.33497576304963
visit,Mens e-mail,X-learner,0.94,72.37910621512184
visit,Mens e-mail,X-learner,0.95,72.93389196334283
visit,Mens e-mail,X-learner,0.96,73.66266163400333
visit,Mens e-mail,X-learner,0.97,74.62923417717806
visit,Mens e-mail,X-learner,0.98,75.0837822565481
visit,Mens e-mail,X-learner,0.99,76.01916012876147
visit,Mens e-mail,X-learner,1.0,76.58956365153125
visit,Mens e-mail,Response model,0.0,0.0
visit,Mens e-mail,Response model,0.01,0.7582101346586875
visit,Mens e-mail,Response model,0.02,2.3967305792297062
visit,Mens e-mail,Response model,0.03,3.4770677230137035
visit,Mens e-mail,Response model,0.04,5.806435216097916
visit,Mens e-mail,Response model,0.05,6.944662148092772
visit,Mens e-mail,Response model,0.06,7.939278145998461
visit,Mens e-mail,Response model,0.07,8.813047222276067
visit,Mens e-mail,Response model,0.08,9.93263294610687
visit,Mens e-mail,Response model,0.09,10.700299677923962
visit,Mens e-mail,Response model,0.1,12.02969388840146
visit,Mens e-mail,Response model,0.11,12.377644791888647
visit,Mens e-mail,Response model,0.12,13.64836787547604
visit,Mens e-mail,Response model,0.13,14.377399333933656
visit,Mens e-mail,Response model,0.14,15.143286157816146
visit,Mens e-mail,Response model,0.15,15.538658029594947
visit,Mens e-mail,Response model,0.16,16.38669261837041
visit,Mens e-mail,Response model,0.17,17.408594737067116
visit,Mens e-mail,Response model,0.18,18.00397056394582
visit,Mens e-mail,Response model,0.19,19.450611347842244
visit,Mens e-mail,Response model,0.2,20.21072342125194
visit,Mens e-mail,Response model,0.21,20.763130184648542
visit,Mens e-mail,Response model,0.22,20.758642233295724
visit,Mens e-mail,Response model,0.23,21.901357717232745
visit,Mens e-mail,Response model,0.24,21.895472679676576
visit,Mens e-mail,Response model,0.25,22.41009780586439
visit,Mens e-mail,Response model,0.26,23.063234928747264
visit,Mens e-mail,Response model,0.27,24.045045982117223
visit,Mens e-mail,Response model,0.28,24.865178829023666
visit,Mens e-mail,Response model,0.29,25.824272818817622
visit,Mens e-mail,Response model,0.3,26.834345737410228
visit,Mens e-mail,Response model,0.31,27.692200341513573
visit,Mens e-mail,Response model,0.32,28.772011441648402
visit,Mens e-mail,Response model,0.33,29.266368054623634
visit,Mens e-mail,Response model,0.34,29.534524439584647
visit,Mens e-mail,Response model,0.35,30.522437252163105
visit,Mens e-mail,Response model,0.36,31.358914191397385
visit,Mens e-mail,Response model,0.37,32.147800235485
visit,Mens e-mail,Response model,0.38,32.45849443145037
visit,Mens e-mail,Response model,0.39,32.40571885296382
visit,Mens e-mail,Response model,0.4,33.195186015832775
visit,Mens e-mail,Response model,0.41,34.04117578337435
visit,Mens e-mail,Response model,0.42,34.56388952774132
visit,Mens e-mail,Response model,0.43,35.53733576016708
visit,Mens e-mail,Response model,0.44,36.279986158367194
visit,Mens e-mail,Response model,0.45,37.57686794755227
visit,Mens e-mail,Response model,0.46,38.43580726465595
visit,Mens e-mail,Response model,0.47,39.56179279596213
visit,Mens e-mail,Response model,0.48,40.68093696351454
visit,Mens e-mail,Response model,0.49,41.71557419340581
visit,Mens e-mail,Response model,0.5,42.47886512086067
visit,Mens e-mail,Response model,0.51,43.12042444260409
visit,Mens e-mail,Response model,0.52,43.4895830709142
visit,Mens e-mail,Response model,0.53,44.50024035252545
visit,Mens e-mail,Response model,0.54,45.29324454639884
visit,Mens e-mail,Response model,0.55,45.65177572628763
visit,Mens e-mail,Response model,0.56,46.76727707844603
visit,Mens e-mail,Response model,0.57,47.71807903870971
visit,Mens e-mail,Response model,0.58,48.16881496807
visit,Mens e-mail,Response model,0.59,49.45272324734527
visit,Mens e-mail,Response model,0.6,50.619270950810154
visit,Mens e-mail,Response model,0.61,51.051406228510665
visit,Mens e-mail,Response model,0.62,51.86231329136546
visit,Mens e-mail,Response model,0.63,52.60584698625952
visit,Mens e-mail,Response model,0.64,52.937391992312065
visit,Mens e-mail,Response model,0.65,54.180789294942
visit,Mens e-mail,Response model,0.66,54.97603295719224
visit,Mens e-mail,Response model,0.67,55.87314312609946
visit,Mens e-mail,Response model,0.68,56.81686403360589
visit,Mens e-mail,Response model,0.69,57.87608644949745
visit,Mens e-mail,Response model,0.7,58.237562228514946
visit,Mens e-mail,Response model,0.71,59.08846278786241
visit,Mens e-mail,Response model,0.72,59.6399019144741
visit,Mens e-mail,Response model,0.73,60.0265142293716
visit,Mens e-mail,Response model,0.74,60.42980412325668
visit,Mens e-mail,Response model,0.75,61.64433379318855
visit,Mens e-mail,Response model,0.76,62.40661439056887
visit,Mens e-mail,Response model,0.77,62.45614472175249
visit,Mens e-mail,Response model,0.78,62.868366069561105
visit,Mens e-mail,Response model,0.79,63.21525237022055
visit,Mens e-mail,Response model,0.8,63.85060353954876
visit,Mens e-mail,Response model,0.81,64.659681175704
visit,Mens e-mail,Response model,0.82,65.9731513525695
visit,Mens e-mail,Response model,0.83,66.04543376138218
visit,Mens e-mail,Response model,0.84,67.3115164968796
visit,Mens e-mail,Response model,0.85,67.78184952409694
visit,Mens e-mail,Response model,0.86,68.82057860383155
visit,Mens e-mail,Response model,0.87,69.22780360859643
visit,Mens e-mail,Response model,0.88,69.38703482846019
visit,Mens e-mail,Response model,0.89,69.90567207019026
visit,Mens e-mail,Response model,0.9,70.29731994440087
visit,Mens e-mail,Response model,0.91,70.348933743467
visit,Mens e-mail,Response model,0.92,71.01879676241583
visit,Mens e-mail,Response model,0.93,72.04730564314904
visit,Mens e-mail,Response model,0.94,72.5287707965943
visit,Mens e-mail,Response model,0.95,73.35110259288084
visit,Mens e-mail,Response model,0.96,73.68977865324592
visit,Mens e-mail,Response model,0.97,74.66156967932608
visit,Mens e-mail,Response model,0.98,75.32482252113849
visit,Mens e-mail,Response model,0.99,75.97880085532425
visit,Mens e-mail,Response model,1.0,76.58956365153125
visit,Womens e-mail,DR-learner,0.0,0.0
visit,Womens e-mail,DR-learner,0.01,1.0209917964011042
visit,Womens e-mail,DR-learner,0.02,1.7554238672313582
visit,Womens e-mail,DR-learner,0.03,1.8223932043075735
visit,Womens e-mail,DR-learner,0.04,2.2698032752257014
visit,Womens e-mail,DR-learner,0.05,3.362938129378142
visit,Womens e-mail,DR-learner,0.06,4.011666811709828
visit,Womens e-mail,DR-learner,0.07,5.13742859331858
visit,Womens e-mail,DR-learner,0.08,5.134971278942464
visit,Womens e-mail,DR-learner,0.09,5.6715657669253385
visit,Womens e-mail,DR-learner,0.1,6.986672979957141
visit,Womens e-mail,DR-learner,0.11,7.471864146443991
visit,Womens e-mail,DR-learner,0.12,7.93131582849137
visit,Womens e-mail,DR-learner,0.13,9.057559574910249
visit,Womens e-mail,DR-learner,0.14,9.877310713534186
visit,Womens e-mail,DR-learner,0.15,10.797106378438437
visit,Womens e-mail,DR-learner,0.16,11.417740547806856
visit,Womens e-mail,DR-learner,0.17,11.705196505855968
visit,Womens e-mail,DR-learner,0.18,13.135013342474279
visit,Womens e-mail,DR-learner,0.19,14.034102839515667
visit,Womens e-mail,DR-learner,0.2,15.070219540068372
visit,Womens e-mail,DR-learner,0.21,15.949458332503312
visit,Womens e-mail,DR-learner,0.22,16.625427163566474
visit,Womens e-mail,DR-learner,0.23,16.908454795273876
visit,Womens e-mail,DR-learner,0.24,17.580696524167237
visit,Womens e-mail,DR-learner,0.25,18.06685164195719
visit,Womens e-mail,DR-learner,0.26,19.65614119449303
visit,Womens e-mail,DR-learner,0.27,20.113596734649086
visit,Womens e-mail,DR-learner,0.28,20.967088786244705
visit,Womens e-mail,DR-learner,0.29,21.600052032497118
visit,Womens e-mail,DR-learner,0.3,21.787662577547568
visit,Womens e-mail,DR-learner,0.31,22.20418909163237
visit,Womens e-mail,DR-learner,0.32,22.880910994693053
visit,Womens e-mail,DR-learner,0.33,23.705777772419296
visit,Womens e-mail,DR-learner,0.34,24.17753645743105
visit,Womens e-mail,DR-learner,0.35,24.631382001689907
visit,Womens e-mail,DR-learner,0.36,25.086744859752265
visit,Womens e-mail,DR-learner,0.37,26.31430179118742
visit,Womens e-mail,DR-learner,0.38,26.99639122549376
visit,Womens e-mail,DR-learner,0.39,27.94413511624808
visit,Womens e-mail,DR-learner,0.4,28.351954502563782
visit,Womens e-mail,DR-learner,0.41,28.805636465835164
visit,Womens e-mail,DR-learner,0.42,30.06931938394805
visit,Womens e-mail,DR-learner,0.43,30.51659073781604
visit,Womens e-mail,DR-learner,0.44,30.62373987745615
visit,Womens e-mail,DR-learner,0.45,30.802072262913686
visit,Womens e-mail,DR-learner,0.46,30.95440870199487
visit,Womens e-mail,DR-learner,0.47,31.83753274093422
visit,Womens e-mail,DR-learner,0.48,32.16277073325502
visit,Womens e-mail,DR-learner,0.49,31.811607351369933
visit,Womens e-mail,DR-learner,0.5,32.44468688211722
visit,Womens e-mail,DR-learner,0.51,33.21891014736807
visit,Womens e-mail,DR-learner,0.52,33.07460138188537
visit,Womens e-mail,DR-learner,0.53,33.61009668475089
visit,Womens e-mail,DR-learner,0.54,33.931448752339406
visit,Womens e-mail,DR-learner,0.55,34.15310596646506
visit,Womens e-mail,DR-learner,0.56,33.43727774007699
visit,Womens e-mail,DR-learner,0.57,33.968733224381886
visit,Womens e-mail,DR-learner,0.58,34.337452870479275
visit,Womens e-mail,DR-learner,0.59,33.66069690748513
visit,Womens e-mail,DR-learner,0.6,33.994687390328075
visit,Womens e-mail,DR-learner,0.61,34.39486644701747
visit,Womens e-mail,DR-learner,0.62,34.741181351000044
visit,Womens e-mail,DR-learner,0.63,34.77135394449675
visit,Womens e-mail,DR-learner,0.64,35.17430653883581
visit,Womens e-mail,DR-learner,0.65,35.494078972647266
visit,Womens e-mail,DR-learner,0.66,35.33957467651271
visit,Womens e-mail,DR-learner,0.67,35.2978151378943
visit,Womens e-mail,DR-learner,0.68,35.09980049025559
visit,Womens e-mail,DR-learner,0.69,35.17091524940934
visit,Womens e-mail,DR-learner,0.7,35.00485099233738
visit,Womens e-mail,DR-learner,0.71,35.16787333959818
visit,Womens e-mail,DR-learner,0.72,35.62608047801939
visit,Womens e-mail,DR-learner,0.73,36.026648109437474
visit,Womens e-mail,DR-learner,0.74,36.44648828186243
visit,Womens e-mail,DR-learner,0.75,37.08616210126658
visit,Womens e-mail,DR-learner,0.76,37.625971072119995
visit,Womens e-mail,DR-learner,0.77,38.28355695842635
visit,Womens e-mail,DR-learner,0.78,38.908086211122665
visit,Womens e-mail,DR-learner,0.79,39.33082618665296
visit,Womens e-mail,DR-learner,0.8,39.64480230806677
visit,Womens e-mail,DR-learner,0.81,39.990463217631564
visit,Womens e-mail,DR-learner,0.82,40.63774106770138
visit,Womens e-mail,DR-learner,0.83,41.07916404863454
visit,Womens e-mail,DR-learner,0.84,41.31752878694809
visit,Womens e-mail,DR-learner,0.85,42.01120641034271
visit,Womens e-mail,DR-learner,0.86,42.35521169554216
visit,Womens e-mail,DR-learner,0.87,42.543622733896505
visit,Womens e-mail,DR-learner,0.88,42.63656776263276
visit,Womens e-mail,DR-learner,0.89,43.2468248437786
visit,Womens e-mail,DR-learner,0.9,43.449074416860874
visit,Womens e-mail,DR-learner,0.91,43.45999959413012
visit,Womens e-mail,DR-learner,0.92,43.44693084067609
visit,Womens e-mail,DR-learner,0.93,43.347008806774845
visit,Womens e-mail,DR-learner,0.94,43.72068092691067
visit,Womens e-mail,DR-learner,0.95,43.70182194545886
visit,Womens e-mail,DR-learner,0.96,44.101046524442886
visit,Womens e-mail,DR-learner,0.97,44.26951442683748
visit,Womens e-mail,DR-learner,0.98,44.746335975309826
visit,Womens e-mail,DR-learner,0.99,44.79484227788152
visit,Womens e-mail,DR-learner,1.0,45.23310658705299
visit,Womens e-mail,S-learner,0.0,0.0
visit,Womens e-mail,S-learner,0.01,1.0894878500094214
visit,Womens e-mail,S-learner,0.02,2.177562708870192
visit,Womens e-mail,S-learner,0.03,2.938452527723333
visit,Womens e-mail,S-learner,0.04,3.394913067311236
visit,Womens e-mail,S-learner,0.05,4.240620685471008
visit,Womens e-mail,S-learner,0.06,4.390061203081157
visit,Womens e-mail,S-learner,0.07,5.135303852490447
visit,Womens e-mail,S-learner,0.08,6.030334971246492
visit,Womens e-mail,S-learner,0.09,6.895223040339242
visit,Womens e-mail,S-learner,0.1,7.9166078924693055
visit,Womens e-mail,S-learner,0.11,8.714331391127992
visit,Womens e-mail,S-learner,0.12,9.749507710196639
visit,Womens e-mail,S-learner,0.13,10.696680233855465
visit,Womens e-mail,S-learner,0.14,11.500277703622006
visit,Womens e-mail,S-learner,0.15,12.310497591788769
visit,Womens e-mail,S-learner,0.16,13.276413728622028
visit,Womens e-mail,S-learner,0.17,14.066664430355434
visit,Womens e-mail,S-learner,0.18,14.544900862783845
visit,Womens e-mail,S-learner,0.19,14.904480390752495
visit,Womens e-mail,S-learner,0.2,15.537942144845239
visit,Womens e-mail,S-learner,0.21,16.03695814405465
visit,Womens e-mail,S-learner,0.22,17.00274929131241
visit,Womens e-mail,S-learner,0.23,17.323757089149222
visit,Womens e-mail,S-learner,0.24,17.69075917719772
visit,Womens e-mail,S-learner,0.25,18.09346534355044
visit,Womens e-mail,S-learner,0.26,18.623472981451112
visit,Womens e-mail,S-learner,0.27,19.154492200256282
visit,Womens e-mail,S-learner,0.28,20.85974267250678
visit,Womens e-mail,S-learner,0.29,21.804706791024874
visit,Womens e-mail,S-learner,0.3,23.09276743683026
visit,Womens e-mail,S-learner,0.31,23.532486469472662
visit,Womens e-mail,S-learner,0.32,24.051353287458152
visit,Womens e-mail,S-learner,0.33,24.786071407831788
visit,Womens e-mail,S-learner,0.34,26.172131252435065
visit,Womens e-mail,S-learner,0.35,26.803013850238408
visit,Womens e-mail,S-learner,0.36,28.121930802161486
visit,Womens e-mail,S-learner,0.37,29.08730212205033
visit,Womens e-mail,S-learner,0.38,30.029812734603876
visit,Womens e-mail,S-learner,0.39,30.493826572874017
visit,Womens e-mail,S-learner,0.4,31.57365218604558
visit,Womens e-mail,S-learner,0.41,32.43424707470321
visit,Womens e-mail,S-learner,0.42,33.52685534473103
visit,Womens e-mail,S-learner,0.43,33.7981011098807
visit,Womens e-mail,S-learner,0.44,34.16726786576187
visit,Womens e-mail,S-learner,0.45,34.89554721149758
visit,Womens e-mail,S-learner,0.46,35.82560936503096
visit,Womens e-mail,S-learner,0.47,36.633744398044705
visit,Womens e-mail,S-learner,0.48,37.605876909697336
visit,Womens e-mail,S-learner,0.49,38.66001181229186
visit,Womens e-mail,S-learner,0.5,39.083030300532755
visit,Womens e-mail,S-learner,0.51,39.05947896474726
visit,Womens e-mail,S-learner,0.52,39.30917408404981
visit,Womens e-mail,S-learner,0.53,39.37451872657544
visit,Womens e-mail,S-learner,0.54,39.39203280553046
visit,Womens e-mail,S-learner,0.55,39.32199235634647
visit,Womens e-mail,S-learner,0.56,39.488858161013226
visit,Womens e-mail,S-learner,0.57,39.342783859330076
visit,Womens e-mail,S-learner,0.58,39.33750340408347
visit,Womens e-mail,S-learner,0.59,38.9092836524029
visit,Womens e-mail,S-learner,0.6,39.00011846900069
visit,Womens e-mail,S-learner,0.61,38.36271966685513
visit,Womens e-mail,S-learner,0.62,38.451693836766
visit,Womens e-mail,S-learner,0.63,38.417613761307656
visit,Womens e-mail,S-learner,0.64,38.792164965272136
visit,Womens e-mail,S-learner,0.65,39.03960106172829
visit,Womens e-mail,S-learner,0.66,39.02077832533006
visit,Womens e-mail,S-learner,0.67,38.67298000980855
visit,Womens e-mail,S-learner,0.68,38.79521291031041
visit,Womens e-mail,S-learner,0.69,38.70136176515658
visit,Womens e-mail,S-learner,0.7,39.167895871263546
visit,Womens e-mail,S-learner,0.71,39.27395109689162
visit,Womens e-mail,S-learner,0.72,39.22351808611484
visit,Womens e-mail,S-learner,0.73,39.38329939945048
visit,Womens e-mail,S-learner,0.74,39.280211042567316
visit,Womens e-mail,S-learner,0.75,39.074700770290384
visit,Womens e-mail,S-learner,0.76,38.7720152119426
visit,Womens e-mail,S-learner,0.77,38.51595780351711
visit,Womens e-mail,S-learner,0.78,38.68967908887048
visit,Womens e-mail,S-learner,0.79,38.978185002195445
visit,Womens e-mail,S-learner,0.8,39.86486647216947
visit,Womens e-mail,S-learner,0.81,39.9607802774485
visit,Womens e-mail,S-learner,0.82,40.18381654841343
visit,Womens e-mail,S-learner,0.83,40.02245521487627
visit,Womens e-mail,S-learner,0.84,40.18521843833962
visit,Womens e-mail,S-learner,0.85,40.06878070780608
visit,Womens e-mail,S-learner,0.86,40.7931180544913
visit,Womens e-mail,S-learner,0.87,40.95052717573561
visit,Womens e-mail,S-learner,0.88,41.21617384161315
visit,Womens e-mail,S-learner,0.89,41.079327438677964
visit,Womens e-mail,S-learner,0.9,41.266075200489986
visit,Womens e-mail,S-learner,0.91,41.760100752856545
visit,Womens e-mail,S-learner,0.92,41.67199633929844
visit,Womens e-mail,S-learner,0.93,42.36107016146865
visit,Womens e-mail,S-learner,0.94,43.194622337484695
visit,Womens e-mail,S-learner,0.95,43.61061864905979
visit,Womens e-mail,S-learner,0.96,43.961774714878715
visit,Womens e-mail,S-learner,0.97,44.48957277684062
visit,Womens e-mail,S-learner,0.98,45.07657085467185
visit,Womens e-mail,S-learner,0.99,44.82553101813285
visit,Womens e-mail,S-learner,1.0,45.23310658705299
visit,Womens e-mail,T-learner,0.0,0.0
visit,Womens e-mail,T-learner,0.01,0.9459052223369906
visit,Womens e-mail,T-learner,0.02,2.1028374242768644
visit,Womens e-mail,T-learner,0.03,3.1075241387426726
visit,Womens e-mail,T-learner,0.04,3.729926610491747
visit,Womens e-mail,T-learner,0.05,4.531045654659642
visit,Womens e-mail,T-learner,0.06,5.899851490427084
visit,Womens e-mail,T-learner,0.07,5.9731467060619945
visit,Womens e-mail,T-learner,0.08,6.955101330387925
visit,Womens e-mail,T-learner,0.09,7.952819439634403
visit,Womens e-mail,T-learner,0.1,8.545935400261014
visit,Womens e-mail,T-learner,0.11,9.206736623012223
visit,Womens e-mail,T-learner,0.12,9.625314611719775
visit,Womens e-mail,T-learner,0.13,10.868220372299772
visit,Womens e-mail,T-learner,0.14,11.892343615033775
visit,Womens e-mail,T-learner,0.15,12.421917992836809
visit,Womens e-mail,T-learner,0.16,13.389870356581493
visit,Womens e-mail,T-learner,0.17,13.97209438272413
visit,Womens e-mail,T-learner,0.18,15.258058023529367
visit,Womens e-mail,T-learner,0.19,16.339941055310916
visit,Womens e-mail,T-learner,0.2,16.78945709514052
visit,Womens e-mail,T-learner,0.21,17.643605581307217
visit,Womens e-mail,T-learner,0.22,17.720139161477263
visit,Womens e-mail,T-learner,0.23,18.40372064580927
visit,Womens e-mail,T-learner,0.24,18.852499606939013
visit,Womens e-mail,T-learner,0.25,19.447163895210345
visit,Womens e-mail,T-learner,0.26,19.78166995815885
visit,Womens e-mail,T-learner,0.27,20.771538206263937
visit,Womens e-mail,T-learner,0.28,20.619922198757383
visit,Womens e-mail,T-learner,0.29,20.752954385150066
visit,Womens e-mail,T-learner,0.3,21.597301497240284
visit,Womens e-mail,T-learner,0.31,22.01285772647213
visit,Womens e-mail,T-learner,0.32,22.573661684548963
visit,Womens e-mail,T-learner,0.33,23.667657912178324
visit,Womens e-mail,T-learner,0.34,24.524711482269367
visit,Womens e-mail,T-learner,0.35,24.95807110407683
visit,Womens e-mail,T-learner,0.36,25.580505399860122
visit,Womens e-mail,T-learner,0.37,26.24620515847388
visit,Womens e-mail,T-learner,0.38,26.698266857795556
visit,Womens e-mail,T-learner,0.39,26.914213565098557
visit,Womens e-mail,T-learner,0.4,27.574412090673334
visit,Womens e-mail,T-learner,0.41,28.198162561748376
visit,Womens e-mail,T-learner,0.42,28.871005811997225
visit,Womens e-mail,T-learner,0.43,29.48941972483888
visit,Womens e-mail,T-learner,0.44,29.970134748363154
visit,Womens e-mail,T-learner,0.45,30.96394449679817
visit,Womens e-mail,T-learner,0.46,31.888607304032952
visit,Womens e-mail,T-learner,0.47,32.26873199089806
visit,Womens e-mail,T-learner,0.48,32.71713399439023
visit,Womens e-mail,T-learner,0.49,32.66957930906822
visit,Womens e-mail,T-learner,0.5,32.551097652883165
visit,Womens e-mail,T-learner,0.51,33.14167410513258
visit,Womens e-mail,T-learner,0.52,33.428952859748414
visit,Womens e-mail,T-learner,0.53,33.510786309554575
visit,Womens e-mail,T-learner,0.54,33.72612641939252
visit,Womens e-mail,T-learner,0.55,34.211086704535326
visit,Womens e-mail,T-learner,0.56,35.024492207107905
visit,Womens e-mail,T-learner,0.57,35.26363325009053
visit,Womens e-mail,T-learner,0.58,35.134986492880756
visit,Womens e-mail,T-learner,0.59,35.19802953177908
visit,Womens e-mail,T-learner,0.6,35.58471740044665
visit,Womens e-mail,T-learner,0.61,35.99370067951221
visit,Womens e-mail,T-learner,0.62,35.635761832250175
visit,Womens e-mail,T-learner,0.63,35.79882889609674
visit,Womens e-mail,T-learner,0.64,35.775065085987556
visit,Womens e-mail,T-learner,0.65,36.51264183713591
visit,Womens e-mail,T-learner,0.66,36.96518600553105
visit,Womens e-mail,T-learner,0.67,37.126887920741474
visit,Womens e-mail,T-learner,0.68,37.109702204424714
visit,Womens e-mail,T-learner,0.69,36.90578477896444
visit,Womens e-mail,T-learner,0.7,36.666421876626394
visit,Womens e-mail,T-learner,0.71,37.13082391850906
visit,Womens e-mail,T-learner,0.72,36.71796434552437
visit,Womens e-mail,T-learner,0.73,36.54982825717677
visit,Womens e-mail,T-learner,0.74,37.0782548806701
visit,Womens e-mail,T-learner,0.75,37.49038931682507
visit,Womens e-mail,T-learner,0.76,37.63841853627385
visit,Womens e-mail,T-learner,0.77,38.02378311163493
visit,Womens e-mail,T-learner,0.78,38.14959891292996
visit,Womens e-mail,T-learner,0.79,37.798238521671614
visit,Womens e-mail,T-learner,0.8,37.99156913746843
visit,Womens e-mail,T-learner,0.81,38.21416950750461
visit,Womens e-mail,T-learner,0.82,38.633581073130415
visit,Womens e-mail,T-learner,0.83,38.783728565778084
visit,Womens e-mail,T-learner,0.84,39.46635576330874
visit,Womens e-mail,T-learner,0.85,39.495943469055284
visit,Womens e-mail,T-learner,0.86,39.958811968016725
visit,Womens e-mail,T-learner,0.87,40.38626612519982
visit,Womens e-mail,T-learner,0.88,40.25774740206842
visit,Womens e-mail,T-learner,0.89,40.39975143624769
visit,Womens e-mail,T-learner,0.9,41.31782427675391
visit,Womens e-mail,T-learner,0.91,41.74944371587706
visit,Womens e-mail,T-learner,0.92,42.20510308554797
visit,Womens e-mail,T-learner,0.93,43.024009707089164
visit,Womens e-mail,T-learner,0.94,43.034237582119964
visit,Womens e-mail,T-learner,0.95,43.45555116792014
visit,Womens e-mail,T-learner,0.96,44.24417607138827
visit,Womens e-mail,T-learner,0.97,44.82041276972773
visit,Womens e-mail,T-learner,0.98,45.1655365303928
visit,Womens e-mail,T-learner,0.99,45.38074838953001
visit,Womens e-mail,T-learner,1.0,45.23310658705299
visit,Womens e-mail,Transformed outcome,0.0,0.0
visit,Womens e-mail,Transformed outcome,0.01,1.3153277854788812
visit,Womens e-mail,Transformed outcome,0.02,1.488845009052837
visit,Womens e-mail,Transformed outcome,0.03,2.238742447491132
visit,Womens e-mail,Transformed outcome,0.04,3.3811025732222477
visit,Womens e-mail,Transformed outcome,0.05,3.2935166335849804
visit,Womens e-mail,Transformed outcome,0.06,3.649194878471477
visit,Womens e-mail,Transformed outcome,0.07,3.94359107789358
visit,Womens e-mail,Transformed outcome,0.08,4.937178954975978
visit,Womens e-mail,Transformed outcome,0.09,5.948867530084354
visit,Womens e-mail,Transformed outcome,0.1,6.785848655778281
visit,Womens e-mail,Transformed outcome,0.11,7.914365131466574
visit,Womens e-mail,Transformed outcome,0.12,8.39275705484181
visit,Womens e-mail,Transformed outcome,0.13,8.965955623696956
visit,Womens e-mail,Transformed outcome,0.14,9.872519314365274
visit,Womens e-mail,Transformed outcome,0.15,11.036098946923884
visit,Womens e-mail,Transformed outcome,0.16,11.912930894397148
visit,Womens e-mail,Transformed outcome,0.17,13.064199523085389
visit,Womens e-mail,Transformed outcome,0.18,13.602029209772756
visit,Womens e-mail,Transformed outcome,0.19,14.153963389325066
visit,Womens e-mail,Transformed outcome,0.2,14.974104005725023
visit,Womens e-mail,Transformed outcome,0.21,14.7659721717841
visit,Womens e-mail,Transformed outcome,0.22,15.190102061722985
visit,Womens e-mail,Transformed outcome,0.23,15.415111821769756
visit,Womens e-mail,Transformed outcome,0.24,16.359830576132207
visit,Womens e-mail,Transformed outcome,0.25,16.85003934248024
visit,Womens e-mail,Transformed outcome,0.26,17.157738477531367
visit,Womens e-mail,Transformed outcome,0.27,17.78789280931366
visit,Womens e-mail,Transformed outcome,0.28,18.585415816085003
visit,Womens e-mail,Transformed outcome,0.29,18.9083677160296
visit,Womens e-mail,Transformed outcome,0.3,20.213389784320135
visit,Womens e-mail,Transformed outcome,0.31,20.702501736190577
visit,Womens e-mail,Transformed outcome,0.32,21.90890509985379
visit,Womens e-mail,Transformed outcome,0.33,23.085033823128647
visit,Womens e-mail,Transformed outcome,0.34,24.452719230406654
visit,Womens e-mail,Transformed outcome,0.35,25.67935485315815
visit,Womens e-mail,Transformed outcome,0.36,26.04744082138101
visit,Womens e-mail,Transformed outcome,0.37,26.93799550556636
visit,Womens e-mail,Transformed outcome,0.38,27.317503756733426
visit,Womens e-mail,Transformed outcome,0.39,27.441259812941585
visit,Womens e-mail,Transformed outcome,0.4,27.32494368144178
visit,Womens e-mail,Transformed outcome,0.41,27.752508067700763
visit,Womens e-mail,Transformed outcome,0.42,28.74953705783492
visit,Womens e-mail,Transformed outcome,0.43,28.975261530749055
visit,Womens e-mail,Transformed outcome,0.44,29.809406932516772
visit,Womens e-mail,Transformed outcome,0.45,30.5457720960053
visit,Womens e-mail,Transformed outcome,0.46,30.78858433096365
visit,Womens e-mail,Transformed outcome,0.47,31.087220458372055
visit,Womens e-mail,Transformed outcome,0.48,31.137969881075417
visit,Womens e-mail,Transformed outcome,0.49,31.50406658594587
visit,Womens e-mail,Transformed outcome,0.5,31.260839945531313
visit,Womens e-mail,Transformed outcome,0.51,31.86713354716439
visit,Womens e-mail,Transformed outcome,0.52,32.00627109533573
visit,Womens e-mail,Transformed outcome,0.53,32.230742012186916
visit,Womens e-mail,Transformed outcome,0.54,32.64031060889534
visit,Womens e-mail,Transformed outcome,0.55,32.49936707366264
visit,Womens e-mail,Transformed outcome,0.56,32.45839787919492
visit,Womens e-mail,Transformed outcome,0.57,32.5402639743832
visit,Womens e-mail,Transformed outcome,0.58,32.446022298769975
visit,Womens e-mail,Transformed outcome,0.59,32.91182909572712
visit,Womens e-mail,Transformed outcome,0.6,33.56390898717231
visit,Womens e-mail,Transformed outcome,0.61,34.40464358457707
visit,Womens e-mail,Transformed outcome,0.62,34.5767350925421
visit,Womens e-mail,Transformed outcome,0.63,34.64205466570909
visit,Womens e-mail,Transformed outcome,0.64,35.21693230570033
visit,Womens e-mail,Transformed outcome,0.65,35.3556446402109
visit,Womens e-mail,Transformed outcome,0.66,35.37380321922116
visit,Womens e-mail,Transformed outcome,0.67,35.78626325331998
visit,Womens e-mail,Transformed outcome,0.68,35.543321561529254
visit,Womens e-mail,Transformed outcome,0.69,36.00096330663572
visit,Womens e-mail,Transformed outcome,0.7,36.52511096888519
visit,Womens e-mail,Transformed outcome,0.71,36.8199119196161
visit,Womens e-mail,Transformed outcome,0.72,36.871840703837634
visit,Womens e-mail,Transformed outcome,0.73,37.52502918462718
visit,Womens e-mail,Transformed outcome,0.74,37.84274583370025
visit,Womens e-mail,Transformed outcome,0.75,38.030350003724934
visit,Womens e-mail,Transformed outcome,0.76,38.601302956249405
visit,Womens e-mail,Transformed outcome,0.77,38.83480310857357
visit,Womens e-mail,Transformed outcome,0.78,39.47046316494046
visit,Womens e-mail,Transformed outcome,0.79,39.71142052956843
visit,Womens e-mail,Transformed outcome,0.8,40.09477841117366
visit,Womens e-mail,Transformed outcome,0.81,40.486030345112496
visit,Womens e-mail,Transformed outcome,0.82,40.579006333532455
visit,Womens e-mail,Transformed outcome,0.83,40.5125664158451
visit,Womens e-mail,Transformed outcome,0.84,40.80001345305427
visit,Womens e-mail,Transformed outcome,0.85,40.901501766918955
visit,Womens e-mail,Transformed outcome,0.86,41.48694471263379
visit,Womens e-mail,Transformed outcome,0.87,42.1020164654432
visit,Womens e-mail,Transformed outcome,0.88,42.49886793868907
visit,Womens e-mail,Transformed outcome,0.89,42.74919375705947
visit,Womens e-mail,Transformed outcome,0.9,42.99837344109897
visit,Womens e-mail,Transformed outcome,0.91,43.36679837334693
visit,Womens e-mail,Transformed outcome,0.92,43.95722396004273
visit,Womens e-mail,Transformed outcome,0.93,43.90973412118294
visit,Womens e-mail,Transformed outcome,0.94,44.419167339942696
visit,Womens e-mail,Transformed outcome,0.95,44.455810198867155
visit,Womens e-mail,Transformed outcome,0.96,44.49757782642574
visit,Womens e-mail,Transformed outcome,0.97,44.3832072028649
visit,Womens e-mail,Transformed outcome,0.98,44.439753270227186
visit,Womens e-mail,Transformed outcome,0.99,44.67642784751074
visit,Womens e-mail,Transformed outcome,1.0,45.23310658705299
visit,Womens e-mail,X-learner,0.0,0.0
visit,Womens e-mail,X-learner,0.01,0.5092574418703607
visit,Womens e-mail,X-learner,0.02,1.5024172313252828
visit,Womens e-mail,X-learner,0.03,2.501342441997455
visit,Womens e-mail,X-learner,0.04,3.461873772383403
visit,Womens e-mail,X-learner,0.05,4.414701375593221
visit,Womens e-mail,X-learner,0.06,4.891818134532457
visit,Womens e-mail,X-learner,0.07,5.492546609948842
visit,Womens e-mail,X-learner,0.08,6.023859664227252
visit,Womens e-mail,X-learner,0.09,6.73312882849373
visit,Womens e-mail,X-learner,0.1,7.878728417879259
visit,Womens e-mail,X-learner,0.11,8.911170573374774
visit,Womens e-mail,X-learner,0.12,9.706445384714316
visit,Womens e-mail,X-learner,0.13,10.96199398047858
visit,Womens e-mail,X-learner,0.14,11.646339030812609
visit,Womens e-mail,X-learner,0.15,12.360055338865
visit,Womens e-mail,X-learner,0.16,12.746224073592055
visit,Womens e-mail,X-learner,0.17,13.393639550185664
visit,Womens e-mail,X-learner,0.18,14.069716260020416
visit,Womens e-mail,X-learner,0.19,14.722550085927196
visit,Womens e-mail,X-learner,0.2,15.227525481718391
visit,Womens e-mail,X-learner,0.21,15.772369390594825
visit,Womens e-mail,X-learner,0.22,16.273628791104457
visit,Womens e-mail,X-learner,0.23,16.920511404184502
visit,Womens e-mail,X-learner,0.24,17.454929922277298
visit,Womens e-mail,X-learner,0.25,17.91221200816521
visit,Womens e-mail,X-learner,0.26,18.896653044421736
visit,Womens e-mail,X-learner,0.27,19.168110540961333
visit,Womens e-mail,X-learner,0.28,19.80077173571227
visit,Womens e-mail,X-learner,0.29,20.723907512412673
visit,Womens e-mail,X-learner,0.3,21.761257529447885
visit,Womens e-mail,X-learner,0.31,22.479034519919775
visit,Womens e-mail,X-learner,0.32,22.908215395141237
visit,Womens e-mail,X-learner,0.33,24.41650842862614
visit,Womens e-mail,X-learner,0.34,24.551192787364702
visit,Womens e-mail,X-learner,0.35,24.95214707730002
visit,Womens e-mail,X-learner,0.36,25.69421850437983
visit,Womens e-mail,X-learner,0.37,26.739945294651562
visit,Womens e-mail,X-learner,0.38,27.527161569350884
visit,Womens e-mail,X-learner,0.39,28.366589194158284
visit,Womens e-mail,X-learner,0.4,28.839088484304312
visit,Womens e-mail,X-learner,0.41,29.491954658518726
visit,Womens e-mail,X-learner,0.42,30.174000069957238
visit,Womens e-mail,X-learner,0.43,30.92464308038431
visit,Womens e-mail,X-learner,0.44,31.402534907857735
visit,Womens e-mail,X-learner,0.45,31.997138691077787
visit,Womens e-mail,X-learner,0.46,32.537533553927894
visit,Womens e-mail,X-learner,0.47,33.28404267177173
visit,Womens e-mail,X-learner,0.48,33.84138780724622
visit,Womens e-mail,X-learner,0.49,34.098357619460245
visit,Womens e-mail,X-learner,0.5,34.76472712991994
visit,Womens e-mail,X-learner,0.51,35.50061010249105
visit,Womens e-mail,X-learner,0.52,36.12318780785174
visit,Womens e-mail,X-learner,0.53,36.31503201747404
visit,Womens e-mail,X-learner,0.54,35.8188415861432
visit,Womens e-mail,X-learner,0.55,36.33094098196155
visit,Womens e-mail,X-learner,0.56,36.23415518460054
visit,Womens e-mail,X-learner,0.57,35.918759735669575
visit,Womens e-mail,X-learner,0.58,35.50350695757058
visit,Womens e-mail,X-learner,0.59,35.924480171139976
visit,Womens e-mail,X-learner,0.6,36.02186511464067
visit,Womens e-mail,X-learner,0.61,36.42339758284398
visit,Womens e-mail,X-learner,0.62,36.60187129953936
visit,Womens e-mail,X-learner,0.63,36.6283315956412
visit,Womens e-mail,X-learner,0.64,36.35960142544019
visit,Womens e-mail,X-learner,0.65,36.54531230532779
visit,Womens e-mail,X-learner,0.66,36.22937214147408
visit,Womens e-mail,X-learner,0.67,36.02053588379305
visit,Womens e-mail,X-learner,0.68,35.91638028332836
visit,Womens e-mail,X-learner,0.69,36.43635771076886
visit,Womens e-mail,X-learner,0.7,36.70553931609619
visit,Womens e-mail,X-learner,0.71,36.72317707891012
visit,Womens e-mail,X-learner,0.72,37.3316488095741
visit,Womens e-mail,X-learner,0.73,37.5230374131495
visit,Womens e-mail,X-learner,0.74,37.19547710800729
visit,Womens e-mail,X-learner,0.75,37.32920430109435
visit,Womens e-mail,X-learner,0.76,37.44108834883768
visit,Womens e-mail,X-learner,0.77,37.94678764026565
visit,Womens e-mail,X-learner,0.78,38.12007432602222
visit,Womens e-mail,X-learner,0.79,38.078397041972444
visit,Womens e-mail,X-learner,0.8,38.012288294923714
visit,Womens e-mail,X-learner,0.81,38.37796225207325
visit,Womens e-mail,X-learner,0.82,38.518239354043146
visit,Womens e-mail,X-learner,0.83,38.48437361330458
visit,Womens e-mail,X-learner,0.84,38.888303370164955
visit,Womens e-mail,X-learner,0.85,38.65256406526024
visit,Womens e-mail,X-learner,0.86,39.20122191015721
visit,Womens e-mail,X-learner,0.87,39.61857835507492
visit,Womens e-mail,X-learner,0.88,40.0268984353848
visit,Womens e-mail,X-learner,0.89,40.74613021206328
visit,Womens e-mail,X-learner,0.9,40.85168173705287
visit,Womens e-mail,X-learner,0.91,41.58179416747691
visit,Womens e-mail,X-learner,0.92,41.83272259116198
visit,Womens e-mail,X-learner,0.93,42.764035910331955
visit,Womens e-mail,X-learner,0.94,43.411539364817855
visit,Womens e-mail,X-learner,0.95,43.98005511647618
visit,Womens e-mail,X-learner,0.96,44.43325822929426
visit,Womens e-mail,X-learner,0.97,45.00746073122067
visit,Womens e-mail,X-learner,0.98,44.98886180948794
visit,Womens e-mail,X-learner,0.99,45.13360529039076
visit,Womens e-mail,X-learner,1.0,45.23310658705299
visit,Womens e-mail,Response model,0.0,0.0
visit,Womens e-mail,Response model,0.01,1.1883577063114688
visit,Womens e-mail,Response model,0.02,2.0530709892822134
visit,Womens e-mail,Response model,0.03,2.606321836912114
visit,Womens e-mail,Response model,0.04,3.295337133882762
visit,Womens e-mail,Response model,0.05,4.366290177001035
visit,Womens e-mail,Response model,0.06,5.042406002094027
visit,Womens e-mail,Response model,0.07,5.699560088035895
visit,Womens e-mail,Response model,0.08,6.6139336544116425
visit,Womens e-mail,Response model,0.09,7.954558629452166
visit,Womens e-mail,Response model,0.1,9.008749486433686
visit,Womens e-mail,Response model,0.11,9.778979052367731
visit,Womens e-mail,Response model,0.12,9.732304362004093
visit,Womens e-mail,Response model,0.13,10.243210122734293
visit,Womens e-mail,Response model,0.14,10.670236364339356
visit,Womens e-mail,Response model,0.15,11.243553322139975
visit,Womens e-mail,Response model,0.16,11.71875747533061
visit,Womens e-mail,Response model,0.17,12.469391906082807
visit,Womens e-mail,Response model,0.18,12.540955801520434
visit,Womens e-mail,Response model,0.19,12.969120879812545
visit,Womens e-mail,Response model,0.2,13.524100811426418
visit,Womens e-mail,Response model,0.21,14.341732457363394
visit,Womens e-mail,Response model,0.22,14.580317299900054
visit,Womens e-mail,Response model,0.23,14.67026692415069
visit,Womens e-mail,Response model,0.24,15.504542014168328
visit,Womens e-mail,Response model,0.25,15.941120050008001
visit,Womens e-mail,Response model,0.26,16.75005756450702
visit,Womens e-mail,Response model,0.27,17.573492886587033
visit,Womens e-mail,Response model,0.28,17.765892846233786
visit,Womens e-mail,Response model,0.29,17.998901703628167
visit,Womens e-mail,Response model,0.3,18.834695274667492
visit,Womens e-mail,Response model,0.31,19.60833765387218
visit,Womens e-mail,Response model,0.32,19.748698204375025
visit,Womens e-mail,Response model,0.33,20.58007208538431
visit,Womens e-mail,Response model,0.34,21.00248848200661
visit,Womens e-mail,Response model,0.35,20.880461179228604
visit,Womens e-mail,Response model,0.36,21.401538723193852
visit,Womens e-mail,Response model,0.37,22.330902652300676
visit,Womens e-mail,Response model,0.38,23.15522505796716
visit,Womens e-mail,Response model,0.39,23.606076473264718
visit,Womens e-mail,Response model,0.4,24.042391263207357
visit,Womens e-mail,Response model,0.41,24.61252249110202
visit,Womens e-mail,Response model,0.42,25.19979300902361
visit,Womens e-mail,Response model,0.43,25.379833422898713
visit,Womens e-mail,Response model,0.44,25.78164936682465
visit,Womens e-mail,Response model,0.45,26.273016392238194
visit,Womens e-mail,Response model,0.46,27.08592983911684
visit,Womens e-mail,Response model,0.47,27.614241876873674
visit,Womens e-mail,Response model,0.48,28.157698238192424
visit,Womens e-mail,Response model,0.49,28.196983679428225
visit,Womens e-mail,Response model,0.5,29.00826301588611
visit,Womens e-mail,Response model,0.51,29.33956015743868
visit,Womens e-mail,Response model,0.52,29.497060973303096
visit,Womens e-mail,Response model,0.53,30.307361200815674
visit,Womens e-mail,Response model,0.54,30.748779289445967
visit,Womens e-mail,Response model,0.55,31.03892420434055
visit,Womens e-mail,Response model,0.56,31.881410693738253
visit,Womens e-mail,Response model,0.57,31.679742818353702
visit,Womens e-mail,Response model,0.58,32.33711854368116
visit,Womens e-mail,Response model,0.59,32.466342228066544
visit,Womens e-mail,Response model,0.6,32.38092104904867
visit,Womens e-mail,Response model,0.61,32.99795727260325
visit,Womens e-mail,Response model,0.62,33.98080356158138
visit,Womens e-mail,Response model,0.63,34.18109877044739
visit,Womens e-mail,Response model,0.64,34.15787784607777
visit,Womens e-mail,Response model,0.65,34.28620528128533
visit,Womens e-mail,Response model,0.66,34.69383342815861
visit,Womens e-mail,Response model,0.67,35.32438871893316
visit,Womens e-mail,Response model,0.68,35.15255729786985
visit,Womens e-mail,Response model,0.69,35.045616353258794
visit,Womens e-mail,Response model,0.7,35.14198500270451
visit,Womens e-mail,Response model,0.71,35.3889532739573
visit,Womens e-mail,Response model,0.72,35.62434129122734
visit,Womens e-mail,Response model,0.73,36.407876115907776
visit,Womens e-mail,Response model,0.74,36.74745185527152
visit,Womens e-mail,Response model,0.75,36.66348727736223
visit,Womens e-mail,Response model,0.76,36.799626476536595
visit,Womens e-mail,Response model,0.77,37.54212045608193
visit,Womens e-mail,Response model,0.78,37.5152552136387
visit,Womens e-mail,Response model,0.79,37.74571106938911
visit,Womens e-mail,Response model,0.8,38.27565991852189
visit,Womens e-mail,Response model,0.81,38.34608777486193
visit,Womens e-mail,Response model,0.82,38.825969885724035
visit,Womens e-mail,Response model,0.83,39.11784296542988
visit,Womens e-mail,Response model,0.84,39.78255763158047
visit,Womens e-mail,Response model,0.85,40.127514456915385
visit,Womens e-mail,Response model,0.86,40.3123569708417
visit,Womens e-mail,Response model,0.87,40.86291858333714
visit,Womens e-mail,Response model,0.88,41.40055958546428
visit,Womens e-mail,Response model,0.89,42.1141493993627
visit,Womens e-mail,Response model,0.9,42.539113145436914
visit,Womens e-mail,Response model,0.91,43.28196715989644
visit,Womens e-mail,Response model,0.92,43.23330637189044
visit,Womens e-mail,Response model,0.93,43.65368174086884
visit,Womens e-mail,Response model,0.94,43.930837830882794
visit,Womens e-mail,Response model,0.95,44.04422235778613
visit,Womens e-mail,Response model,0.96,44.06358330428036
visit,Womens e-mail,Response model,0.97,44.30346022109969
visit,Womens e-mail,Response model,0.98,44.803631660478786
visit,Womens e-mail,Response model,0.99,44.94983934046325
visit,Womens e-mail,Response model,1.0,45.23310658705299
conversion,Mens e-mail,DR-learner,0.0,0.0
conversion,Mens e-mail,DR-learner,0.01,0.08688646498222999
conversion,Mens e-mail,DR-learner,0.02,0.36960967062906386
conversion,Mens e-mail,DR-learner,0.03,0.41823025251589546
conversion,Mens e-mail,DR-learner,0.04,0.6058288738843399
conversion,Mens e-mail,DR-learner,0.05,0.7847609111517352
conversion,Mens e-mail,DR-learner,0.06,1.1259015437724578
conversion,Mens e-mail,DR-learner,0.07,1.0372400037610252
conversion,Mens e-mail,DR-learner,0.08,1.1926301443453442
conversion,Mens e-mail,DR-learner,0.09,1.1550916735177155
conversion,Mens e-mail,DR-learner,0.1,1.2412472147797975
conversion,Mens e-mail,DR-learner,0.11,1.3446901811389078
conversion,Mens e-mail,DR-learner,0.12,1.294502427819686
conversion,Mens e-mail,DR-learner,0.13,1.479964364932473
conversion,Mens e-mail,DR-learner,0.14,1.4597443249862054
conversion,Mens e-mail,DR-learner,0.15,1.5586026963731092
conversion,Mens e-mail,DR-learner,0.16,1.7859804092101141
conversion,Mens e-mail,DR-learner,0.17,1.7307253850685662
conversion,Mens e-mail,DR-learner,0.18,1.8153493213531207
conversion,Mens e-mail,DR-learner,0.19,1.8583473565188215
conversion,Mens e-mail,DR-learner,0.2,1.8500873249673007
conversion,Mens e-mail,DR-learner,0.21,1.9730133588884935
conversion,Mens e-mail,DR-learner,0.22,2.0547572948982302
conversion,Mens e-mail,DR-learner,0.23,2.109867397135153
conversion,Mens e-mail,DR-learner,0.24,2.160319163054097
conversion,Mens e-mail,DR-learner,0.25,2.3159082027312508
conversion,Mens e-mail,DR-learner,0.26,2.300475059853055
conversion,Mens e-mail,DR-learner,0.27,2.4020490815502322
conversion,Mens e-mail,DR-learner,0.28,2.4913816060405525
conversion,Mens e-mail,DR-learner,0.29,2.5874592153191864
conversion,Mens e-mail,DR-learner,0.3,2.557686897653167
conversion,Mens e-mail,DR-learner,0.31,2.517791042511775
conversion,Mens e-mail,DR-learner,0.32,2.4637375071110705
conversion,Mens e-mail,DR-learner,0.33,2.5605091742947863
conversion,Mens e-mail,DR-learner,0.34,2.7363762441622104
conversion,Mens e-mail,DR-learner,0.35,2.698336656108255
conversion,Mens e-mail,DR-learner,0.36,2.7845142330397716
conversion,Mens e-mail,DR-learner,0.37,2.790625450373973
conversion,Mens e-mail,DR-learner,0.38,2.88376430665957
conversion,Mens e-mail,DR-learner,0.39,2.983676042303689
conversion,Mens e-mail,DR-learner,0.4,2.9428837613745897
conversion,Mens e-mail,DR-learner,0.41,3.081935503908905
conversion,Mens e-mail,DR-learner,0.42,3.1830048253260137
conversion,Mens e-mail,DR-learner,0.43,3.360918325065803
conversion,Mens e-mail,DR-learner,0.44,3.3466284580431944
conversion,Mens e-mail,DR-learner,0.45,3.3332689430512006
conversion,Mens e-mail,DR-learner,0.46,3.3635653130250978
conversion,Mens e-mail,DR-learner,0.47,3.3201364304181014
conversion,Mens e-mail,DR-learner,0.48,3.4037591524447266
conversion,Mens e-mail,DR-learner,0.49,3.407468056699658
conversion,Mens e-mail,DR-learner,0.5,3.465296793002596
conversion,Mens e-mail,DR-learner,0.51,3.517999067938312
conversion,Mens e-mail,DR-learner,0.52,3.6050855828323214
conversion,Mens e-mail,DR-learner,0.53,3.613452380133711
conversion,Mens e-mail,DR-learner,0.54,3.5665538793111495
conversion,Mens e-mail,DR-learner,0.55,3.6108425557948087
conversion,Mens e-mail,DR-learner,0.56,3.5761134508635717
conversion,Mens e-mail,DR-learner,0.57,3.49028667792789
conversion,Mens e-mail,DR-learner,0.58,3.628782224538973
conversion,Mens e-mail,DR-learner,0.59,3.8641802019453064
conversion,Mens e-mail,DR-learner,0.6,3.916896959703135
conversion,Mens e-mail,DR-learner,0.61,4.008661397549293
conversion,Mens e-mail,DR-learner,0.62,4.147284089331042
conversion,Mens e-mail,DR-learner,0.63,4.239508518917839
conversion,Mens e-mail,DR-learner,0.64,4.293158144792062
conversion,Mens e-mail,DR-learner,0.65,4.336922686582185
conversion,Mens e-mail,DR-learner,0.66,4.242767589722096
conversion,Mens e-mail,DR-learner,0.67,4.3304545381593185
conversion,Mens e-mail,DR-learner,0.68,4.327626300458023
conversion,Mens e-mail,DR-learner,0.69,4.392186889630434
conversion,Mens e-mail,DR-learner,0.7,4.385349762118675
conversion,Mens e-mail,DR-learner,0.71,4.485261424195083
conversion,Mens e-mail,DR-learner,0.72,4.494243074829883
conversion,Mens e-mail,DR-learner,0.73,4.589586696301194
conversion,Mens e-mail,DR-learner,0.74,4.713432706363741
conversion,Mens e-mail,DR-learner,0.75,4.760400797086802
conversion,Mens e-mail,DR-learner,0.76,4.808636415473917
conversion,Mens e-mail,DR-learner,0.77,4.719790486856877
conversion,Mens e-mail,DR-learner,0.78,4.823647261622742
conversion,Mens e-mail,DR-learner,0.79,4.7323750421051765
conversion,Mens e-mail,DR-learner,0.8,4.830436667310495
conversion,Mens e-mail,DR-learner,0.81,4.926050827536162
conversion,Mens e-mail,DR-learner,0.82,5.025266252930668
conversion,Mens e-mail,DR-learner,0.83,5.118190066437963
conversion,Mens e-mail,DR-learner,0.84,5.117736476901705
conversion,Mens e-mail,DR-learner,0.85,5.1619623513769195
conversion,Mens e-mail,DR-learner,0.86,5.304242140404279
conversion,Mens e-mail,DR-learner,0.87,5.342229042969958
conversion,Mens e-mail,DR-learner,0.88,5.386624151076523
conversion,Mens e-mail,DR-learner,0.89,5.481533206252898
conversion,Mens e-mail,DR-learner,0.9,5.514063078873368
conversion,Mens e-mail,DR-learner,0.91,5.558965895594846
conversion,Mens e-mail,DR-learner,0.92,5.73740287085414
conversion,Mens e-mail,DR-learner,0.93,5.823979080333071
conversion,Mens e-mail,DR-learner,0.94,6.198212592088987
conversion,Mens e-mail,DR-learner,0.95,6.340971053086657
conversion,Mens e-mail,DR-learner,0.96,6.4766929667752695
conversion,Mens e-mail,DR-learner,0.97,6.670017129677567
conversion,Mens e-mail,DR-learner,0.98,6.572195187317337
conversion,Mens e-mail,DR-learner,0.99,6.6692528911648
conversion,Mens e-mail,DR-learner,1.0,6.805006519615695
conversion,Mens e-mail,S-learner,0.0,0.0
conversion,Mens e-mail,S-learner,0.01,0.1315040993955622
conversion,Mens e-mail,S-learner,0.02,0.3189066059225513
conversion,Mens e-mail,S-learner,0.03,0.5503787796927385
conversion,Mens e-mail,S-learner,0.04,0.467042505062143
conversion,Mens e-mail,S-learner,0.05,0.5328203424194348
conversion,Mens e-mail,S-learner,0.06,0.57523739023014
conversion,Mens e-mail,S-learner,0.07,0.45447827215706416
conversion,Mens e-mail,S-learner,0.08,0.4533808954612515
conversion,Mens e-mail,S-learner,0.09,0.5876741096920227
conversion,Mens e-mail,S-learner,0.1,0.630405729411226
conversion,Mens e-mail,S-learner,0.11,0.5337988110798523
conversion,Mens e-mail,S-learner,0.12,0.6280232520389658
conversion,Mens e-mail,S-learner,0.13,0.5755247768216545
conversion,Mens e-mail,S-learner,0.14,0.6447105159713804
conversion,Mens e-mail,S-learner,0.15,0.8301412192625365
conversion,Mens e-mail,S-learner,0.16,1.014835307491919
conversion,Mens e-mail,S-learner,0.17,1.086184993335289
conversion,Mens e-mail,S-learner,0.18,1.2095165471919018
conversion,Mens e-mail,S-learner,0.19,1.4553895598408186
conversion,Mens e-mail,S-learner,0.2,1.6376066066787105
conversion,Mens e-mail,S-learner,0.21,1.5857326455160814
conversion,Mens e-mail,S-learner,0.22,1.6143099302405597
conversion,Mens e-mail,S-learner,0.23,1.6156945468424442
conversion,Mens e-mail,S-learner,0.24,1.6331699193250448
conversion,Mens e-mail,S-learner,0.25,1.7220913966675166
conversion,Mens e-mail,S-learner,0.26,1.661346823584379
conversion,Mens e-mail,S-learner,0.27,1.7419507552924787
conversion,Mens e-mail,S-learner,0.28,1.7267314554764952
conversion,Mens e-mail,S-learner,0.29,1.7621712142554833
conversion,Mens e-mail,S-learner,0.3,1.7718154229527965
conversion,Mens e-mail,S-learner,0.31,1.8181575911566725
conversion,Mens e-mail,S-learner,0.32,1.720130557926467
conversion,Mens e-mail,S-learner,0.33,1.7276481027084447
conversion,Mens e-mail,S-learner,0.34,1.6976542688546237
conversion,Mens e-mail,S-learner,0.35,1.845340984667666
conversion,Mens e-mail,S-learner,0.36,2.040674081699783
conversion,Mens e-mail,S-learner,0.37,1.990940466179638
conversion,Mens e-mail,S-learner,0.38,2.231382749807249
conversion,Mens e-mail,S-learner,0.39,2.2268123727731295
conversion,Mens e-mail,S-learner,0.4,2.289748326678555
conversion,Mens e-mail,S-learner,0.41,2.186355041325655
conversion,Mens e-mail,S-learner,0.42,2.2770078090878108
conversion,Mens e-mail,S-learner,0.43,2.366074568759621
conversion,Mens e-mail,S-learner,0.44,2.4330949804125845
conversion,Mens e-mail,S-learner,0.45,2.4348016117924547
conversion,Mens e-mail,S-learner,0.46,2.4311001544271824
conversion,Mens e-mail,S-learner,0.47,2.623578587734382
conversion,Mens e-mail,S-learner,0.48,2.6715544906281408
conversion,Mens e-mail,S-learner,0.49,2.6760130449486073
conversion,Mens e-mail,S-learner,0.5,2.7139263118965173
conversion,Mens e-mail,S-learner,0.51,2.7980309299562576
conversion,Mens e-mail,S-learner,0.52,2.809341113778543
conversion,Mens e-mail,S-learner,0.53,2.987101509862795
conversion,Mens e-mail,S-learner,0.54,3.064358860256223
conversion,Mens e-mail,S-learner,0.55,3.169243996056577
conversion,Mens e-mail,S-learner,0.56,3.2406671720970532
conversion,Mens e-mail,S-learner,0.57,3.177233910679813
conversion,Mens e-mail,S-learner,0.58,3.2339814376960176
conversion,Mens e-mail,S-learner,0.59,3.269121627713411
conversion,Mens e-mail,S-learner,0.6,3.4276064673193827
conversion,Mens e-mail,S-learner,0.61,3.5225979700991443
conversion,Mens e-mail,S-learner,0.62,3.666374271069784
conversion,Mens e-mail,S-learner,0.63,3.6748047974736266
conversion,Mens e-mail,S-learner,0.64,3.6326369079302685
conversion,Mens e-mail,S-learner,0.65,3.734512432363615
conversion,Mens e-mail,S-learner,0.66,3.7321653420713203
conversion,Mens e-mail,S-learner,0.67,3.934501947019656
conversion,Mens e-mail,S-learner,0.68,4.092169416143167
conversion,Mens e-mail,S-learner,0.69,4.224512104379942
conversion,Mens e-mail,S-learner,0.7,4.2180452059627225
conversion,Mens e-mail,S-learner,0.71,4.253382272502777
conversion,Mens e-mail,S-learner,0.72,4.399576970909345
conversion,Mens e-mail,S-learner,0.73,4.592881106936007
conversion,Mens e-mail,S-learner,0.74,4.627344248261953
conversion,Mens e-mail,S-learner,0.75,4.743877271050185
conversion,Mens e-mail,S-learner,0.76,4.786421457703099
conversion,Mens e-mail,S-learner,0.77,4.78367413922501
conversion,Mens e-mail,S-learner,0.78,4.860685661247936
conversion,Mens e-mail,S-learner,0.79,5.110560802374234
conversion,Mens e-mail,S-learner,0.8,5.172726946755127
conversion,Mens e-mail,S-learner,0.81,5.2517362829784995
conversion,Mens e-mail,S-learner,0.82,5.301171876369293
conversion,Mens e-mail,S-learner,0.83,5.341322491549163
conversion,Mens e-mail,S-learner,0.84,5.342145985513463
conversion,Mens e-mail,S-learner,0.85,5.379432910547889
conversion,Mens e-mail,S-learner,0.86,5.512158031124257
conversion,Mens e-mail,S-learner,0.87,5.60712182809317
conversion,Mens e-mail,S-learner,0.88,5.588889425449499
conversion,Mens e-mail,S-learner,0.89,5.743570441481929
conversion,Mens e-mail,S-learner,0.9,5.89486283702922
conversion,Mens e-mail,S-learner,0.91,5.842288551541702
conversion,Mens e-mail,S-learner,0.92,5.953354292365558
conversion,Mens e-mail,S-learner,0.93,6.103385172526543
conversion,Mens e-mail,S-learner,0.94,6.229719340508985
conversion,Mens e-mail,S-learner,0.95,6.178473406657825
conversion,Mens e-mail,S-learner,0.96,6.224379621152622
conversion,Mens e-mail,S-learner,0.97,6.438480187976492
conversion,Mens e-mail,S-learner,0.98,6.4021620955671255
conversion,Mens e-mail,S-learner,0.99,6.534440897646634
conversion,Mens e-mail,S-learner,1.0,6.805006519615695
conversion,Mens e-mail,T-learner,0.0,0.0
conversion,Mens e-mail,T-learner,0.01,0.17094017094017097
conversion,Mens e-mail,T-learner,0.02,0.10886659415106394
conversion,Mens e-mail,T-learner,0.03,0.3355370932735502
conversion,Mens e-mail,T-learner,0.04,0.300248728938593
conversion,Mens e-mail,T-learner,0.05,0.6338901961833183
conversion,Mens e-mail,T-learner,0.06,0.6950805031544003
conversion,Mens e-mail,T-learner,0.07,0.9401722003346396
conversion,Mens e-mail,T-learner,0.08,1.0697973955539766
conversion,Mens e-mail,T-learner,0.09,1.2530144794681248
conversion,Mens e-mail,T-learner,0.1,1.3018588351530367
conversion,Mens e-mail,T-learner,0.11,1.5731506069728038
conversion,Mens e-mail,T-learner,0.12,1.754361022449745
conversion,Mens e-mail,T-learner,0.13,1.511351916830481
conversion,Mens e-mail,T-learner,0.14,1.5973072834844488
conversion,Mens e-mail,T-learner,0.15,1.6680751720337765
conversion,Mens e-mail,T-learner,0.16,1.7731263912043278
conversion,Mens e-mail,T-learner,0.17,1.6849566211827387
conversion,Mens e-mail,T-learner,0.18,1.773756316984032
conversion,Mens e-mail,T-learner,0.19,1.8326205141772618
conversion,Mens e-mail,T-learner,0.2,1.9687666209861752
conversion,Mens e-mail,T-learner,0.21,2.141507568303996
conversion,Mens e-mail,T-learner,0.22,2.154336994824269
conversion,Mens e-mail,T-learner,0.23,2.2087166383345487
conversion,Mens e-mail,T-learner,0.24,2.3049015095735657
conversion,Mens e-mail,T-learner,0.25,2.367661716885352
conversion,Mens e-mail,T-learner,0.26,2.6505216414081967
conversion,Mens e-mail,T-learner,0.27,2.6738485084251513
conversion,Mens e-mail,T-learner,0.28,2.640231761730803
conversion,Mens e-mail,T-learner,0.29,2.7226896581495073
conversion,Mens e-mail,T-learner,0.3,2.6762375100264038
conversion,Mens e-mail,T-learner,0.31,2.7237516165371383
conversion,Mens e-mail,T-learner,0.32,2.8682580718554345
conversion,Mens e-mail,T-learner,0.33,2.95979858042069
conversion,Mens e-mail,T-learner,0.34,2.974727168179722
conversion,Mens e-mail,T-learner,0.35,3.023962169681223
conversion,Mens e-mail,T-learner,0.36,3.0767738024882823
conversion,Mens e-mail,T-learner,0.37,2.977892908436723
conversion,Mens e-mail,T-learner,0.38,2.958830923009876
conversion,Mens e-mail,T-learner,0.39,2.9916215721489223
conversion,Mens e-mail,T-learner,0.4,2.940578325406675
conversion,Mens e-mail,T-learner,0.41,3.0233997914318107
conversion,Mens e-mail,T-learner,0.42,3.1193632601625847
conversion,Mens e-mail,T-learner,0.43,3.012552151505641
conversion,Mens e-mail,T-learner,0.44,3.0122920919846052
conversion,Mens e-mail,T-learner,0.45,3.1491376205089803
conversion,Mens e-mail,T-learner,0.46,3.1500784780347306
conversion,Mens e-mail,T-learner,0.47,3.2529934099994358
conversion,Mens e-mail,T-learner,0.48,3.353615371453207
conversion,Mens e-mail,T-learner,0.49,3.398877796673324
conversion,Mens e-mail,T-learner,0.5,3.3120142586288734
conversion,Mens e-mail,T-learner,0.51,3.406804764890616
conversion,Mens e-mail,T-learner,0.52,3.458661424205155
conversion,Mens e-mail,T-learner,0.53,3.606857170831254
conversion,Mens e-mail,T-learner,0.54,3.6030884132481504
conversion,Mens e-mail,T-learner,0.55,3.6398514477636414
conversion,Mens e-mail,T-learner,0.56,3.818069148448727
conversion,Mens e-mail,T-learner,0.57,3.8189655184907836
conversion,Mens e-mail,T-learner,0.58,3.9561719224190366
conversion,Mens e-mail,T-learner,0.59,4.021243671344194
conversion,Mens e-mail,T-learner,0.6,4.107081280169682
conversion,Mens e-mail,T-learner,0.61,4.212017040878798
conversion,Mens e-mail,T-learner,0.62,4.339146544309233
conversion,Mens e-mail,T-learner,0.63,4.289642229919051
conversion,Mens e-mail,T-learner,0.64,4.291853585873216
conversion,Mens e-mail,T-learner,0.65,4.200842624735951
conversion,Mens e-mail,T-learner,0.66,4.262918575696074
conversion,Mens e-mail,T-learner,0.67,4.317613688021839
conversion,Mens e-mail,T-learner,0.68,4.351162568867729
conversion,Mens e-mail,T-learner,0.69,4.308681570649735
conversion,Mens e-mail,T-learner,0.7,4.400251127608934
conversion,Mens e-mail,T-learner,0.71,4.461684566964203
conversion,Mens e-mail,T-learner,0.72,4.563271227089236
conversion,Mens e-mail,T-learner,0.73,4.786180859481888
conversion,Mens e-mail,T-learner,0.74,4.701062665832629
conversion,Mens e-mail,T-learner,0.75,4.756802519488482
conversion,Mens e-mail,T-learner,0.76,4.762378928981513
conversion,Mens e-mail,T-learner,0.77,4.899782031514269
conversion,Mens e-mail,T-learner,0.78,5.129474928494493
conversion,Mens e-mail,T-learner,0.79,5.268368236250486
conversion,Mens e-mail,T-learner,0.8,5.233191781504424
conversion,Mens e-mail,T-learner,0.81,5.370499813367978
conversion,Mens e-mail,T-learner,0.82,5.381792230248829
conversion,Mens e-mail,T-learner,0.83,5.332716663445418
conversion,Mens e-mail,T-learner,0.84,5.387589163031763
conversion,Mens e-mail,T-learner,0.85,5.413520162765075
conversion,Mens e-mail,T-learner,0.86,5.648348173259339
conversion,Mens e-mail,T-learner,0.87,5.784066605453749
conversion,Mens e-mail,T-learner,0.88,5.735753084587193
conversion,Mens e-mail,T-learner,0.89,5.870552587322793
conversion,Mens e-mail,T-learner,0.9,5.8654950433600535
conversion,Mens e-mail,T-learner,0.91,5.812168397196467
conversion,Mens e-mail,T-learner,0.92,5.951362825713035
conversion,Mens e-mail,T-learner,0.93,6.1863125599637225
conversion,Mens e-mail,T-learner,0.94,6.237086902612743
conversion,Mens e-mail,T-learner,0.95,6.340450844157448
conversion,Mens e-mail,T-learner,0.96,6.457685988848127
conversion,Mens e-mail,T-learner,0.97,6.513137476388998
conversion,Mens e-mail,T-learner,0.98,6.5761490528184305
conversion,Mens e-mail,T-learner,0.99,6.666702625223388
conversion,Mens e-mail,T-learner,1.0,6.805006519615695
conversion,Mens e-mail,Transformed outcome,0.0,0.0
conversion,Mens e-mail,Transformed outcome,0.01,0.041664147386527316
conversion,Mens e-mail,Transformed outcome,0.02,0.47072670964465363
conversion,Mens e-mail,Transformed outcome,0.03,0.5004912800567941
conversion,Mens e-mail,Transformed outcome,0.04,0.5659504352230815
conversion,Mens e-mail,Transformed outcome,0.05,0.6149161147338194
conversion,Mens e-mail,Transformed outcome,0.06,0.9083387556822088
conversion,Mens e-mail,Transformed outcome,0.07,1.0030561673011391
conversion,Mens e-mail,Transformed outcome,0.08,1.1157035619285223
conversion,Mens e-mail,Transformed outcome,0.09,1.1715159333702005
conversion,Mens e-mail,Transformed outcome,0.1,1.2818849494809579
conversion,Mens e-mail,Transformed outcome,0.11,1.1591976057317273
conversion,Mens e-mail,Transformed outcome,0.12,1.2583377383654877
conversion,Mens e-mail,Transformed outcome,0.13,1.2658705480966883
conversion,Mens e-mail,Transformed outcome,0.14,1.3032186670842232
conversion,Mens e-mail,Transformed outcome,0.15,1.263924114736957
conversion,Mens e-mail,Transformed outcome,0.16,1.2548024161032125
conversion,Mens e-mail,Transformed outcome,0.17,1.3312912953326632
conversion,Mens e-mail,Transformed outcome,0.18,1.4526451729883811
conversion,Mens e-mail,Transformed outcome,0.19,1.759170309265208
conversion,Mens e-mail,Transformed outcome,0.2,2.0044974795352233
conversion,Mens e-mail,Transformed outcome,0.21,2.023962842047467
conversion,Mens e-mail,Transformed outcome,0.22,2.2686112235556886
conversion,Mens e-mail,Transformed outcome,0.23,2.248013884778159
conversion,Mens e-mail,Transformed outcome,0.24,2.4410382771476278
conversion,Mens e-mail,Transformed outcome,0.25,2.5009780891122677
conversion,Mens e-mail,Transformed outcome,0.26,2.589714047068696
conversion,Mens e-mail,Transformed outcome,0.27,2.504612078000987
conversion,Mens e-mail,Transformed outcome,0.28,2.511717872156166
conversion,Mens e-mail,Transformed outcome,0.29,2.5644621910940972
conversion,Mens e-mail,Transformed outcome,0.3,2.6931537030214794
conversion,Mens e-mail,Transformed outcome,0.31,2.7753799821952905
conversion,Mens e-mail,Transformed outcome,0.32,2.786520713788913
conversion,Mens e-mail,Transformed outcome,0.33,2.7748551650302122
conversion,Mens e-mail,Transformed outcome,0.34,2.727171089521397
conversion,Mens e-mail,Transformed outcome,0.35,2.8689415750816205
conversion,Mens e-mail,Transformed outcome,0.36,2.7811227486728227
conversion,Mens e-mail,Transformed outcome,0.37,2.7065255119153937
conversion,Mens e-mail,Transformed outcome,0.38,2.659810964486376
conversion,Mens e-mail,Transformed outcome,0.39,2.7891310542140753
conversion,Mens e-mail,Transformed outcome,0.4,2.796571291589259
conversion,Mens e-mail,Transformed outcome,0.41,2.8522438369817302
conversion,Mens e-mail,Transformed outcome,0.42,2.8902952135709823
conversion,Mens e-mail,Transformed outcome,0.43,2.9775316177519615
conversion,Mens e-mail,Transformed outcome,0.44,3.0819942947134034
conversion,Mens e-mail,Transformed outcome,0.45,3.2129832868400556
conversion,Mens e-mail,Transformed outcome,0.46,3.2162031457527744
conversion,Mens e-mail,Transformed outcome,0.47,3.3762662369874556
conversion,Mens e-mail,Transformed outcome,0.48,3.518370291327817
conversion,Mens e-mail,Transformed outcome,0.49,3.5145762656162267
conversion,Mens e-mail,Transformed outcome,0.5,3.4131295135416413
conversion,Mens e-mail,Transformed outcome,0.51,3.413639004774216
conversion,Mens e-mail,Transformed outcome,0.52,3.5603386959847594
conversion,Mens e-mail,Transformed outcome,0.53,3.526554017836121
conversion,Mens e-mail,Transformed outcome,0.54,3.4334939238253397
conversion,Mens e-mail,Transformed outcome,0.55,3.446840445228976
conversion,Mens e-mail,Transformed outcome,0.56,3.50884742707957
conversion,Mens e-mail,Transformed outcome,0.57,3.5641276037547387
conversion,Mens e-mail,Transformed outcome,0.58,3.5648105892962842
conversion,Mens e-mail,Transformed outcome,0.59,3.743598520574447
conversion,Mens e-mail,Transformed outcome,0.6,3.819545299428378
conversion,Mens e-mail,Transformed outcome,0.61,3.8690874396137347
conversion,Mens e-mail,Transformed outcome,0.62,3.9269486293654023
conversion,Mens e-mail,Transformed outcome,0.63,4.019928457792015
conversion,Mens e-mail,Transformed outcome,0.64,4.256069717420568
conversion,Mens e-mail,Transformed outcome,0.65,4.338248025842169
conversion,Mens e-mail,Transformed outcome,0.66,4.39368249850994
conversion,Mens e-mail,Transformed outcome,0.67,4.499866910536197
conversion,Mens e-mail,Transformed outcome,0.68,4.45580266859299
conversion,Mens e-mail,Transformed outcome,0.69,4.54480989236483
conversion,Mens e-mail,Transformed outcome,0.7,4.528314544022807
conversion,Mens e-mail,Transformed outcome,0.71,4.5238731887226775
conversion,Mens e-mail,Transformed outcome,0.72,4.523445869814487
conversion,Mens e-mail,Transformed outcome,0.73,4.6669816349501065
conversion,Mens e-mail,Transformed outcome,0.74,4.7594454427762125
conversion,Mens e-mail,Transformed outcome,0.75,4.9517852360053976
conversion,Mens e-mail,Transformed outcome,0.76,4.955531427879809
conversion,Mens e-mail,Transformed outcome,0.77,5.151154162698773
conversion,Mens e-mail,Transformed outcome,0.78,5.1008691388134295
conversion,Mens e-mail,Transformed outcome,0.79,5.104812699187868
conversion,Mens e-mail,Transformed outcome,0.8,5.127387905316402
conversion,Mens e-mail,Transformed outcome,0.81,5.169856963689843
conversion,Mens e-mail,Transformed outcome,0.82,5.363288927518528
conversion,Mens e-mail,Transformed outcome,0.83,5.354781408671077
conversion,Mens e-mail,Transformed outcome,0.84,5.350764563503502
conversion,Mens e-mail,Transformed outcome,0.85,5.336215521376819
conversion,Mens e-mail,Transformed outcome,0.86,5.4247334868095285
conversion,Mens e-mail,Transformed outcome,0.87,5.511954569190365
conversion,Mens e-mail,Transformed outcome,0.88,5.646536092872092
conversion,Mens e-mail,Transformed outcome,0.89,5.744160984187512
conversion,Mens e-mail,Transformed outcome,0.9,5.744953280264076
conversion,Mens e-mail,Transformed outcome,0.91,5.79524456293234
conversion,Mens e-mail,Transformed outcome,0.92,5.873347133244204
conversion,Mens e-mail,Transformed outcome,0.93,6.192374586988961
conversion,Mens e-mail,Transformed outcome,0.94,6.338711162385569
conversion,Mens e-mail,Transformed outcome,0.95,6.40070875668027
conversion,Mens e-mail,Transformed outcome,0.96,6.486389825061259
conversion,Mens e-mail,Transformed outcome,0.97,6.5286552471530745
conversion,Mens e-mail,Transformed outcome,0.98,6.706140912973062
conversion,Mens e-mail,Transformed outcome,0.99,6.660863534617387
conversion,Mens e-mail,Transformed outcome,1.0,6.805006519615695
conversion,Mens e-mail,X-learner,0.0,0.0
conversion,Mens e-mail,X-learner,0.01,0.03652535847440714
conversion,Mens e-mail,X-learner,0.02,0.3191121958217623
conversion,Mens e-mail,X-learner,0.03,0.40269274432485025
conversion,Mens e-mail,X-learner,0.04,0.5910110851689171
conversion,Mens e-mail,X-learner,0.05,0.7080666862563845
conversion,Mens e-mail,X-learner,0.06,0.6681441451881923
conversion,Mens e-mail,X-learner,0.07,0.6457960932158503
conversion,Mens e-mail,X-learner,0.08,0.6922854724391608
conversion,Mens e-mail,X-learner,0.09,0.7984169912984631
conversion,Mens e-mail,X-learner,0.1,1.0445147153583447
conversion,Mens e-mail,X-learner,0.11,1.1767776741452036
conversion,Mens e-mail,X-learner,0.12,1.3620750587289128
conversion,Mens e-mail,X-learner,0.13,1.4156919612321657
conversion,Mens e-mail,X-learner,0.14,1.52300804916374
conversion,Mens e-mail,X-learner,0.15,1.6053706460857078
conversion,Mens e-mail,X-learner,0.16,1.7028221996950585
conversion,Mens e-mail,X-learner,0.17,1.7572392714159315
conversion,Mens e-mail,X-learner,0.18,1.8047371005635453
conversion,Mens e-mail,X-learner,0.19,1.996016179765997
conversion,Mens e-mail,X-learner,0.2,2.032309226011025
conversion,Mens e-mail,X-learner,0.21,2.1157389464188325
conversion,Mens e-mail,X-learner,0.22,2.1146841792461477
conversion,Mens e-mail,X-learner,0.23,2.071717412966338
conversion,Mens e-mail,X-learner,0.24,2.16689145031541
conversion,Mens e-mail,X-learner,0.25,2.27361490898591
conversion,Mens e-mail,X-learner,0.26,2.3354217351146196
conversion,Mens e-mail,X-learner,0.27,2.5424144075440767
conversion,Mens e-mail,X-learner,0.28,2.6947328913296142
conversion,Mens e-mail,X-learner,0.29,2.606554259748822
conversion,Mens e-mail,X-learner,0.3,2.7004804020772046
conversion,Mens e-mail,X-learner,0.31,2.7616070781317688
conversion,Mens e-mail,X-learner,0.32,3.0040796745114573
conversion,Mens e-mail,X-learner,0.33,3.088957701289828
conversion,Mens e-mail,X-learner,0.34,3.188104143510998
conversion,Mens e-mail,X-learner,0.35,3.1834234622249116
conversion,Mens e-mail,X-learner,0.36,3.2581733666297845
conversion,Mens e-mail,X-learner,0.37,3.256732938127988
conversion,Mens e-mail,X-learner,0.38,3.345545359324184
conversion,Mens e-mail,X-learner,0.39,3.4470071124298367
conversion,Mens e-mail,X-learner,0.4,3.392994765170977
conversion,Mens e-mail,X-learner,0.41,3.4968323352200246
conversion,Mens e-mail,X-learner,0.42,3.5861410787698813
conversion,Mens e-mail,X-learner,0.43,3.6137284509683987
conversion,Mens e-mail,X-learner,0.44,3.516811430585109
conversion,Mens e-mail,X-learner,0.45,3.3229989332306897
conversion,Mens e-mail,X-learner,0.46,3.3865224441965105
conversion,Mens e-mail,X-learner,0.47,3.3337064059697696
conversion,Mens e-mail,X-learner,0.48,3.4623295610901117
conversion,Mens e-mail,X-learner,0.49,3.472042491536042
conversion,Mens e-mail,X-learner,0.5,3.469564402362746
conversion,Mens e-mail,X-learner,0.51,3.5252345964412863
conversion,Mens e-mail,X-learner,0.52,3.5756286966652002
conversion,Mens e-mail,X-learner,0.53,3.6277289191411994
conversion,Mens e-mail,X-learner,0.54,3.6294289046227535
conversion,Mens e-mail,X-learner,0.55,3.7007633832168163
conversion,Mens e-mail,X-learner,0.56,3.6502919183284486
conversion,Mens e-mail,X-learner,0.57,3.6771403054262337
conversion,Mens e-mail,X-learner,0.58,3.775910345325747
conversion,Mens e-mail,X-learner,0.59,3.823294969542201
conversion,Mens e-mail,X-learner,0.6,3.820619536012986
conversion,Mens e-mail,X-learner,0.61,3.8286840065269008
conversion,Mens e-mail,X-learner,0.62,3.8663375408216885
conversion,Mens e-mail,X-learner,0.63,3.9210777570291113
conversion,Mens e-mail,X-learner,0.64,3.966814190044186
conversion,Mens e-mail,X-learner,0.65,3.969244020701243
conversion,Mens e-mail,X-learner,0.66,4.013180575866261
conversion,Mens e-mail,X-learner,0.67,4.106929447536978
conversion,Mens e-mail,X-learner,0.68,4.052343715363985
conversion,Mens e-mail,X-learner,0.69,4.059706811663149
conversion,Mens e-mail,X-learner,0.7,4.253356313083304
conversion,Mens e-mail,X-learner,0.71,4.260059296757273
conversion,Mens e-mail,X-learner,0.72,4.312838792088733
conversion,Mens e-mail,X-learner,0.73,4.40810493902844
conversion,Mens e-mail,X-learner,0.74,4.545030328697028
conversion,Mens e-mail,X-learner,0.75,4.686404169039641
conversion,Mens e-mail,X-learner,0.76,4.862800565074344
conversion,Mens e-mail,X-learner,0.77,4.857009046977829
conversion,Mens e-mail,X-learner,0.78,4.865531937148848
conversion,Mens e-mail,X-learner,0.79,4.7722498048834385
conversion,Mens e-mail,X-learner,0.8,4.856421963771758
conversion,Mens e-mail,X-learner,0.81,4.905666292962522
conversion,Mens e-mail,X-learner,0.82,5.097954083809179
conversion,Mens e-mail,X-learner,0.83,5.2369535051545
conversion,Mens e-mail,X-learner,0.84,5.2945559183975455
conversion,Mens e-mail,X-learner,0.85,5.33123783753312
conversion,Mens e-mail,X-learner,0.86,5.286849128933728
conversion,Mens e-mail,X-learner,0.87,5.327706822609951
conversion,Mens e-mail,X-learner,0.88,5.328345211824215
conversion,Mens e-mail,X-learner,0.89,5.610537701213187
conversion,Mens e-mail,X-learner,0.9,5.848840692135961
conversion,Mens e-mail,X-learner,0.91,5.763384188448813
conversion,Mens e-mail,X-learner,0.92,5.745860068056337
conversion,Mens e-mail,X-learner,0.93,5.786612069994697
conversion,Mens e-mail,X-learner,0.94,6.016592139370302
conversion,Mens e-mail,X-learner,0.95,6.105139372147163
conversion,Mens e-mail,X-learner,0.96,6.2184527023002705
conversion,Mens e-mail,X-learner,0.97,6.556589529568223
conversion,Mens e-mail,X-learner,0.98,6.6632479638288205
conversion,Mens e-mail,X-learner,0.99,6.617331995121957
conversion,Mens e-mail,X-learner,1.0,6.805006519615695
conversion,Mens e-mail,Response model,0.0,0.0
conversion,Mens e-mail,Response model,0.01,0.21118967865056512
conversion,Mens e-mail,Response model,0.02,0.39222369478530106
conversion,Mens e-mail,Response model,0.03,0.4273581555456652
conversion,Mens e-mail,Response model,0.04,0.4940683586155748
conversion,Mens e-mail,Response model,0.05,0.7872641798187698
conversion,Mens e-mail,Response model,0.06,1.0098489798561225
conversion,Mens e-mail,Response model,0.07,1.1645168926350196
conversion,Mens e-mail,Response model,0.08,1.411574946737145
conversion,Mens e-mail,Response model,0.09,1.4850165670798643
conversion,Mens e-mail,Response model,0.1,1.3960433931218303
conversion,Mens e-mail,Response model,0.11,1.4796115721197793
conversion,Mens e-mail,Response model,0.12,1.5245413031802473
conversion,Mens e-mail,Response model,0.13,1.5086256316997515
conversion,Mens e-mail,Response model,0.14,1.4775297655696036
conversion,Mens e-mail,Response model,0.15,1.5930219176382987
conversion,Mens e-mail,Response model,0.16,1.6712025688849765
conversion,Mens e-mail,Response model,0.17,1.6603528930355984
conversion,Mens e-mail,Response model,0.18,1.6374156136251692
conversion,Mens e-mail,Response model,0.19,1.631946362486363
conversion,Mens e-mail,Response model,0.2,1.6856249669421464
conversion,Mens e-mail,Response model,0.21,1.8296041930867672
conversion,Mens e-mail,Response model,0.22,1.7636309296727855
conversion,Mens e-mail,Response model,0.23,1.8140469603244973
conversion,Mens e-mail,Response model,0.24,1.6999754816294734
conversion,Mens e-mail,Response model,0.25,1.7352544316811702
conversion,Mens e-mail,Response model,0.26,1.650867483812842
conversion,Mens e-mail,Response model,0.27,1.7085178591869257
conversion,Mens e-mail,Response model,0.28,1.7845882646202726
conversion,Mens e-mail,Response model,0.29,1.826740943926995
conversion,Mens e-mail,Response model,0.3,1.8838556775639472
conversion,Mens e-mail,Response model,0.31,1.8847875491743409
conversion,Mens e-mail,Response model,0.32,1.9279577199476159
conversion,Mens e-mail,Response model,0.33,2.1654332363234174
conversion,Mens e-mail,Response model,0.34,2.2177646383610035
conversion,Mens e-mail,Response model,0.35,2.3619100061318674
conversion,Mens e-mail,Response model,0.36,2.5338025549169862
conversion,Mens e-mail,Response model,0.37,2.5495872207946317
conversion,Mens e-mail,Response model,0.38,2.4869047979536507
conversion,Mens e-mail,Response model,0.39,2.5832573602592466
conversion,Mens e-mail,Response model,0.4,2.640187550378218
conversion,Mens e-mail,Response model,0.41,2.6853187547431694
conversion,Mens e-mail,Response model,0.42,2.6890043141246727
conversion,Mens e-mail,Response model,0.43,2.6867515072707846
conversion,Mens e-mail,Response model,0.44,2.875809699913119
conversion,Mens e-mail,Response model,0.45,2.921904336929466
conversion,Mens e-mail,Response model,0.46,3.034844780688701
conversion,Mens e-mail,Response model,0.47,3.1519607339707894
conversion,Mens e-mail,Response model,0.48,3.3303421722310116
conversion,Mens e-mail,Response model,0.49,3.4833111088137296
conversion,Mens e-mail,Response model,0.5,3.54928482102736
conversion,Mens e-mail,Response model,0.51,3.636115149010737
conversion,Mens e-mail,Response model,0.52,3.6369716112742454
conversion,Mens e-mail,Response model,0.53,3.6302842828596673
conversion,Mens e-mail,Response model,0.54,3.6632913889579726
conversion,Mens e-mail,Response model,0.55,3.6257132690221336
conversion,Mens e-mail,Response model,0.56,3.7158513906530977
conversion,Mens e-mail,Response model,0.57,3.698265168234881
conversion,Mens e-mail,Response model,0.58,3.7901968848696224
conversion,Mens e-mail,Response model,0.59,3.8979917975908043
conversion,Mens e-mail,Response model,0.6,4.007762206423284
conversion,Mens e-mail,Response model,0.61,4.143171456235883
conversion,Mens e-mail,Response model,0.62,4.130035606525758
conversion,Mens e-mail,Response model,0.63,4.1694389535096805
conversion,Mens e-mail,Response model,0.64,4.172679127343658
conversion,Mens e-mail,Response model,0.65,4.1802467522917945
conversion,Mens e-mail,Response model,0.66,4.238402145165047
conversion,Mens e-mail,Response model,0.67,4.403470787890165
conversion,Mens e-mail,Response model,0.68,4.490083521860439
conversion,Mens e-mail,Response model,0.69,4.678798300931882
conversion,Mens e-mail,Response model,0.7,4.672743252425718
conversion,Mens e-mail,Response model,0.71,4.680081197575129
conversion,Mens e-mail,Response model,0.72,4.7229878408454375
conversion,Mens e-mail,Response model,0.73,4.873025025937018
conversion,Mens e-mail,Response model,0.74,4.977375162195905
conversion,Mens e-mail,Response model,0.75,5.162430937846507
conversion,Mens e-mail,Response model,0.76,5.215529550715212
conversion,Mens e-mail,Response model,0.77,5.181978734752707
conversion,Mens e-mail,Response model,0.78,5.1331857238446466
conversion,Mens e-mail,Response model,0.79,5.260332734085717
conversion,Mens e-mail,Response model,0.8,5.3160179874139155
conversion,Mens e-mail,Response model,0.81,5.465392499569839
conversion,Mens e-mail,Response model,0.82,5.502011506083394
conversion,Mens e-mail,Response model,0.83,5.631850023242939
conversion,Mens e-mail,Response model,0.84,5.813312983016758
conversion,Mens e-mail,Response model,0.85,5.869761756313647
conversion,Mens e-mail,Response model,0.86,6.0139804845191005
conversion,Mens e-mail,Response model,0.87,6.060587768964241
conversion,Mens e-mail,Response model,0.88,6.11417552771814
conversion,Mens e-mail,Response model,0.89,6.1630597444622275
conversion,Mens e-mail,Response model,0.9,6.215878288147575
conversion,Mens e-mail,Response model,0.91,6.266825253250375
conversion,Mens e-mail,Response model,0.92,6.269573107838994
conversion,Mens e-mail,Response model,0.93,6.27144980108766
conversion,Mens e-mail,Response model,0.94,6.269790259094451
conversion,Mens e-mail,Response model,0.95,6.3999171712638345
conversion,Mens e-mail,Response model,0.96,6.359829146598067
conversion,Mens e-mail,Response model,0.97,6.538254729435635
conversion,Mens e-mail,Response model,0.98,6.604401405578329
conversion,Mens e-mail,Response model,0.99,6.709358274528333
conversion,Mens e-mail,Response model,1.0,6.805006519615695
conversion,Womens e-mail,DR-learner,0.0,0.0
conversion,Womens e-mail,DR-learner,0.01,0.290861730878668
conversion,Womens e-mail,DR-learner,0.02,0.27658866710737257
conversion,Womens e-mail,DR-learner,0.03,0.4200796189333625
conversion,Womens e-mail,DR-learner,0.04,0.559338710550995
conversion,Womens e-mail,DR-learner,0.05,0.6997353715129991
conversion,Womens e-mail,DR-learner,0.06,0.7829128937455477
conversion,Womens e-mail,DR-learner,0.07,0.7884413838303979
conversion,Womens e-mail,DR-learner,0.08,0.886389855989096
conversion,Womens e-mail,DR-learner,0.09,0.8199784088299138
conversion,Womens e-mail,DR-learner,0.1,0.7733439222215986
conversion,Womens e-mail,DR-learner,0.11,0.7869999424402866
conversion,Womens e-mail,DR-learner,0.12,0.7417810518577477
conversion,Womens e-mail,DR-learner,0.13,0.7854846392738978
conversion,Womens e-mail,DR-learner,0.14,0.9179995937090027
conversion,Womens e-mail,DR-learner,0.15,0.8704804948206571
conversion,Womens e-mail,DR-learner,0.16,1.0113305948803488
conversion,Womens e-mail,DR-learner,0.17,1.1041918237078685
conversion,Womens e-mail,DR-learner,0.18,1.1473853102068843
conversion,Womens e-mail,DR-learner,0.19,1.1524057035436341
conversion,Womens e-mail,DR-learner,0.2,1.1525635825747176
conversion,Womens e-mail,DR-learner,0.21,1.2818790798792112
conversion,Womens e-mail,DR-learner,0.22,1.3327768661994295
conversion,Womens e-mail,DR-learner,0.23,1.3257495219355917
conversion,Womens e-mail,DR-learner,0.24,1.4721466104532401
conversion,Womens e-mail,DR-learner,0.25,1.5668553695242875
conversion,Womens e-mail,DR-learner,0.26,1.6693010654609894
conversion,Womens e-mail,DR-learner,0.27,1.663328098928175
conversion,Womens e-mail,DR-learner,0.28,1.6325483931712887
conversion,Womens e-mail,DR-learner,0.29,1.5478109971313632
conversion,Womens e-mail,DR-learner,0.3,1.6440101388168133
conversion,Womens e-mail,DR-learner,0.31,1.6350524135901636
conversion,Womens e-mail,DR-learner,0.32,1.632173120566692
conversion,Womens e-mail,DR-learner,0.33,1.5349388645040025
conversion,Womens e-mail,DR-learner,0.34,1.5208102789436966
conversion,Womens e-mail,DR-learner,0.35,1.5194538181268407
conversion,Womens e-mail,DR-learner,0.36,1.3196671003598346
conversion,Womens e-mail,DR-learner,0.37,1.2896245611049684
conversion,Womens e-mail,DR-learner,0.38,1.29154165030819
conversion,Womens e-mail,DR-learner,0.39,1.246456871312441
conversion,Womens e-mail,DR-learner,0.4,1.2404161891532235
conversion,Womens e-mail,DR-learner,0.41,1.2886324890340923
conversion,Womens e-mail,DR-learner,0.42,1.2443879372188043
conversion,Womens e-mail,DR-learner,0.43,1.3491611314988843
conversion,Womens e-mail,DR-learner,0.44,1.5739900477456366
conversion,Womens e-mail,DR-learner,0.45,1.7630527184465339
conversion,Womens e-mail,DR-learner,0.46,1.7167150141933178
conversion,Womens e-mail,DR-learner,0.47,1.8451532677539793
conversion,Womens e-mail,DR-learner,0.48,1.8880436476924833
conversion,Womens e-mail,DR-learner,0.49,1.9861467415450933
conversion,Womens e-mail,DR-learner,0.5,1.8913542444746136
conversion,Womens e-mail,DR-learner,0.51,2.0479694971747855
conversion,Womens e-mail,DR-learner,0.52,1.9115935052799904
conversion,Womens e-mail,DR-learner,0.53,1.854951643594062
conversion,Womens e-mail,DR-learner,0.54,1.9054193509910273
conversion,Womens e-mail,DR-learner,0.55,2.0067460255228227
conversion,Womens e-mail,DR-learner,0.56,2.043181250440179
conversion,Womens e-mail,DR-learner,0.57,2.084936527044344
conversion,Womens e-mail,DR-learner,0.58,2.141430958139735
conversion,Womens e-mail,DR-learner,0.59,2.2404408397972317
conversion,Womens e-mail,DR-learner,0.6,2.2438176823768816
conversion,Womens e-mail,DR-learner,0.61,2.2601214716421323
conversion,Womens e-mail,DR-learner,0.62,2.237511848422412
conversion,Womens e-mail,DR-learner,0.63,2.190700656952622
conversion,Womens e-mail,DR-learner,0.64,2.045415938702934
conversion,Womens e-mail,DR-learner,0.65,1.9960977295666562
conversion,Womens e-mail,DR-learner,0.66,2.083152689528014
conversion,Womens e-mail,DR-learner,0.67,2.1350378046447624
conversion,Womens e-mail,DR-learner,0.68,2.362525063991326
conversion,Womens e-mail,DR-learner,0.69,2.3248893178014205
conversion,Womens e-mail,DR-learner,0.7,2.4723976273297192
conversion,Womens e-mail,DR-learner,0.71,2.431326912433285
conversion,Womens e-mail,DR-learner,0.72,2.4250490808895324
conversion,Womens e-mail,DR-learner,0.73,2.463620664604289
conversion,Womens e-mail,DR-learner,0.74,2.47104860842858
conversion,Womens e-mail,DR-learner,0.75,2.567237361239933
conversion,Womens e-mail,DR-learner,0.76,2.7050020782608497
conversion,Womens e-mail,DR-learner,0.77,2.7938565117105183
conversion,Womens e-mail,DR-learner,0.78,2.7423070522577486
conversion,Womens e-mail,DR-learner,0.79,2.6928292321158285
conversion,Womens e-mail,DR-learner,0.8,2.735201406257403
conversion,Womens e-mail,DR-learner,0.81,2.7305956009929577
conversion,Womens e-mail,DR-learner,0.82,2.7777103600422417
conversion,Womens e-mail,DR-learner,0.83,2.7346423539074345
conversion,Womens e-mail,DR-learner,0.84,2.874710990170013
conversion,Womens e-mail,DR-learner,0.85,2.7769180680511445
conversion,Womens e-mail,DR-learner,0.86,2.8276898509913067
conversion,Womens e-mail,DR-learner,0.87,2.7801391104246056
conversion,Womens e-mail,DR-learner,0.88,2.8769776469021795
conversion,Womens e-mail,DR-learner,0.89,2.9287696367575804
conversion,Womens e-mail,DR-learner,0.9,2.925371675471327
conversion,Womens e-mail,DR-learner,0.91,2.9693101221833245
conversion,Womens e-mail,DR-learner,0.92,2.960775949943844
conversion,Womens e-mail,DR-learner,0.93,2.829153674593951
conversion,Womens e-mail,DR-learner,0.94,2.7847252202022803
conversion,Womens e-mail,DR-learner,0.95,2.8292315204689524
conversion,Womens e-mail,DR-learner,0.96,2.8347621636485694
conversion,Womens e-mail,DR-learner,0.97,2.9280223090385125
conversion,Womens e-mail,DR-learner,0.98,2.87797844351115
conversion,Womens e-mail,DR-learner,0.99,2.9703260390860566
conversion,Womens e-mail,DR-learner,1.0,3.1110575110852583
conversion,Womens e-mail,S-learner,0.0,0.0
conversion,Womens e-mail,S-learner,0.01,0.09593108861635516
conversion,Womens e-mail,S-learner,0.02,0.24518503291171473
conversion,Womens e-mail,S-learner,0.03,0.2487437721875943
conversion,Womens e-mail,S-learner,0.04,0.4815080283464765
conversion,Womens e-mail,S-learner,0.05,0.6708326156374682
conversion,Womens e-mail,S-learner,0.06,0.8148570474428316
conversion,Womens e-mail,S-learner,0.07,0.739725608627921
conversion,Womens e-mail,S-learner,0.08,0.7900306246840415
conversion,Womens e-mail,S-learner,0.09,0.8231219956277688
conversion,Womens e-mail,S-learner,0.1,0.8153030087719476
conversion,Womens e-mail,S-learner,0.11,0.9108038346074738
conversion,Womens e-mail,S-learner,0.12,0.9477101080310827
conversion,Womens e-mail,S-learner,0.13,1.0923267889291546
conversion,Womens e-mail,S-learner,0.14,1.2314618605098773
conversion,Womens e-mail,S-learner,0.15,1.318795164156081
conversion,Womens e-mail,S-learner,0.16,1.303341049490044
conversion,Womens e-mail,S-learner,0.17,1.2063797165083074
conversion,Womens e-mail,S-learner,0.18,1.1626449408491975
conversion,Womens e-mail,S-learner,0.19,1.2022148499777068
conversion,Womens e-mail,S-learner,0.2,1.1304782049366942
conversion,Womens e-mail,S-learner,0.21,1.2289512390418267
conversion,Womens e-mail,S-learner,0.22,1.3389897403577398
conversion,Womens e-mail,S-learner,0.23,1.4030956163814157
conversion,Womens e-mail,S-learner,0.24,1.5346009725776928
conversion,Womens e-mail,S-learner,0.25,1.5324157045555065
conversion,Womens e-mail,S-learner,0.26,1.5303738279889498
conversion,Womens e-mail,S-learner,0.27,1.5851360116294477
conversion,Womens e-mail,S-learner,0.28,1.7202384312737262
conversion,Womens e-mail,S-learner,0.29,1.7104416332373784
conversion,Womens e-mail,S-learner,0.3,1.654008267632685
conversion,Womens e-mail,S-learner,0.31,1.7524652145480726
conversion,Womens e-mail,S-learner,0.32,1.8471976394899783
conversion,Womens e-mail,S-learner,0.33,1.890043971066005
conversion,Womens e-mail,S-learner,0.34,1.9330355985148293
conversion,Womens e-mail,S-learner,0.35,1.987961119981773
conversion,Womens e-mail,S-learner,0.36,1.9387739400883115
conversion,Womens e-mail,S-learner,0.37,2.0281315067908334
conversion,Womens e-mail,S-learner,0.38,2.0213877632207558
conversion,Womens e-mail,S-learner,0.39,2.2050488668767043
conversion,Womens e-mail,S-learner,0.4,2.3439611637284363
conversion,Womens e-mail,S-learner,0.41,2.377681242393854
conversion,Womens e-mail,S-learner,0.42,2.385043627703165
conversion,Womens e-mail,S-learner,0.43,2.378890486450338
conversion,Womens e-mail,S-learner,0.44,2.5168370981357495
conversion,Womens e-mail,S-learner,0.45,2.53162859743697
conversion,Womens e-mail,S-learner,0.46,2.532994343982318
conversion,Womens e-mail,S-learner,0.47,2.6225605112911845
conversion,Womens e-mail,S-learner,0.48,2.754414117910469
conversion,Womens e-mail,S-learner,0.49,2.715976188508009
conversion,Womens e-mail,S-learner,0.5,2.762387358790231
conversion,Womens e-mail,S-learner,0.51,2.7198709009020976
conversion,Womens e-mail,S-learner,0.52,2.721835828460306
conversion,Womens e-mail,S-learner,0.53,2.7668623785659117
conversion,Womens e-mail,S-learner,0.54,2.763656019474905
conversion,Womens e-mail,S-learner,0.55,2.7148628539816704
conversion,Womens e-mail,S-learner,0.56,2.7176267604059148
conversion,Womens e-mail,S-learner,0.57,2.8026445272179594
conversion,Womens e-mail,S-learner,0.58,2.765567244990357
conversion,Womens e-mail,S-learner,0.59,2.848594565945423
conversion,Womens e-mail,S-learner,0.6,2.853387599930846
conversion,Womens e-mail,S-learner,0.61,2.8547341253115346
conversion,Womens e-mail,S-learner,0.62,2.9082527945405467
conversion,Womens e-mail,S-learner,0.63,3.005346079949055
conversion,Womens e-mail,S-learner,0.64,3.138044672671522
conversion,Womens e-mail,S-learner,0.65,3.132098850995409
conversion,Womens e-mail,S-learner,0.66,3.082977151039864
conversion,Womens e-mail,S-learner,0.67,3.034201761900994
conversion,Womens e-mail,S-learner,0.68,3.0790009138619445
conversion,Womens e-mail,S-learner,0.69,3.029737138250445
conversion,Womens e-mail,S-learner,0.7,3.0240703315776862
conversion,Womens e-mail,S-learner,0.71,3.071883256734545
conversion,Womens e-mail,S-learner,0.72,3.2143787737496377
conversion,Womens e-mail,S-learner,0.73,3.168202291994411
conversion,Womens e-mail,S-learner,0.74,3.2227960911283904
conversion,Womens e-mail,S-learner,0.75,3.179187758386204
conversion,Womens e-mail,S-learner,0.76,3.2366290126437014
conversion,Womens e-mail,S-learner,0.77,3.292365728280106
conversion,Womens e-mail,S-learner,0.78,3.433620666372857
conversion,Womens e-mail,S-learner,0.79,3.472510669758677
conversion,Womens e-mail,S-learner,0.8,3.5651080686323087
conversion,Womens e-mail,S-learner,0.81,3.655691788426572
conversion,Womens e-mail,S-learner,0.82,3.664074659852702
conversion,Womens e-mail,S-learner,0.83,3.608257924993808
conversion,Womens e-mail,S-learner,0.84,3.5604069610072635
conversion,Womens e-mail,S-learner,0.85,3.566025728918622
conversion,Womens e-mail,S-learner,0.86,3.529453650427464
conversion,Womens e-mail,S-learner,0.87,3.4743017785972197
conversion,Womens e-mail,S-learner,0.88,3.5671257057522268
conversion,Womens e-mail,S-learner,0.89,3.5656550168647794
conversion,Womens e-mail,S-learner,0.9,3.5214836878754205
conversion,Womens e-mail,S-learner,0.91,3.524842633128396
conversion,Womens e-mail,S-learner,0.92,3.4233806019260733
conversion,Womens e-mail,S-learner,0.93,3.3762001665060284
conversion,Womens e-mail,S-learner,0.94,3.3466969655211263
conversion,Womens e-mail,S-learner,0.95,3.212909233493497
conversion,Womens e-mail,S-learner,0.96,3.1977291822001854
conversion,Womens e-mail,S-learner,0.97,2.919666807488659
conversion,Womens e-mail,S-learner,0.98,2.8813350380825185
conversion,Womens e-mail,S-learner,0.99,2.9740345828209795
conversion,Womens e-mail,S-learner,1.0,3.1110575110852583
conversion,Womens e-mail,T-learner,0.0,0.0
conversion,Womens e-mail,T-learner,0.01,0.2396164346484071
conversion,Womens e-mail,T-learner,0.02,0.4792329032272373
conversion,Womens e-mail,T-learner,0.03,0.7576399863152932
conversion,Womens e-mail,T-learner,0.04,0.7443565387438686
conversion,Womens e-mail,T-learner,0.05,0.6610147617637341
conversion,Womens e-mail,T-learner,0.06,0.7387376074324401
conversion,Womens e-mail,T-learner,0.07,0.7429994302756673
conversion,Womens e-mail,T-learner,0.08,0.6937171781729051
conversion,Womens e-mail,T-learner,0.09,0.7024805213306554
conversion,Womens e-mail,T-learner,0.1,0.6179876485563186
conversion,Womens e-mail,T-learner,0.11,0.6017653411042004
conversion,Womens e-mail,T-learner,0.12,0.7770563279710915
conversion,Womens e-mail,T-learner,0.13,0.8701564327504663
conversion,Womens e-mail,T-learner,0.14,0.966111992694225
conversion,Womens e-mail,T-learner,0.15,1.0202573373971906
conversion,Womens e-mail,T-learner,0.16,0.9946721653827783
conversion,Womens e-mail,T-learner,0.17,1.165184809867314
conversion,Womens e-mail,T-learner,0.18,1.322482747286219
conversion,Womens e-mail,T-learner,0.19,1.3655839805977104
conversion,Womens e-mail,T-learner,0.2,1.3493395050149892
conversion,Womens e-mail,T-learner,0.21,1.6034072267183053
conversion,Womens e-mail,T-learner,0.22,1.7484068375209563
conversion,Womens e-mail,T-learner,0.23,1.8500868226914424
conversion,Womens e-mail,T-learner,0.24,1.8537097701157608
conversion,Womens e-mail,T-learner,0.25,1.7231334469709336
conversion,Womens e-mail,T-learner,0.26,1.7007739217179874
conversion,Womens e-mail,T-learner,0.27,1.571069049135084
conversion,Womens e-mail,T-learner,0.28,1.666153498361919
conversion,Womens e-mail,T-learner,0.29,1.7669800192482592
conversion,Womens e-mail,T-learner,0.3,1.7829629476053674
conversion,Womens e-mail,T-learner,0.31,1.8529806636349957
conversion,Womens e-mail,T-learner,0.32,1.8540931535547238
conversion,Womens e-mail,T-learner,0.33,1.857232829520377
conversion,Womens e-mail,T-learner,0.34,1.8123650308550852
conversion,Womens e-mail,T-learner,0.35,1.7606579463808858
conversion,Womens e-mail,T-learner,0.36,1.8135788302622395
conversion,Womens e-mail,T-learner,0.37,1.946816816808418
conversion,Womens e-mail,T-learner,0.38,1.8870106827929782
conversion,Womens e-mail,T-learner,0.39,1.8857272859315939
conversion,Womens e-mail,T-learner,0.4,1.9662541148163468
conversion,Womens e-mail,T-learner,0.41,2.11041492529936
conversion,Womens e-mail,T-learner,0.42,2.097294151075032
conversion,Womens e-mail,T-learner,0.43,2.152566297867437
conversion,Womens e-mail,T-learner,0.44,2.149959138437584
conversion,Womens e-mail,T-learner,0.45,2.148856993784288
conversion,Womens e-mail,T-learner,0.46,2.048125990722098
conversion,Womens e-mail,T-learner,0.47,2.087847468669192
conversion,Womens e-mail,T-learner,0.48,2.1809366771490604
conversion,Womens e-mail,T-learner,0.49,2.131278164063338
conversion,Womens e-mail,T-learner,0.5,2.270076377082196
conversion,Womens e-mail,T-learner,0.51,2.418455956811401
conversion,Womens e-mail,T-learner,0.52,2.3579221419220766
conversion,Womens e-mail,T-learner,0.53,2.363847462998787
conversion,Womens e-mail,T-learner,0.54,2.3634922593562435
conversion,Womens e-mail,T-learner,0.55,2.3199308346935563
conversion,Womens e-mail,T-learner,0.56,2.3533055226720316
conversion,Womens e-mail,T-learner,0.57,2.446559925437685
conversion,Womens e-mail,T-learner,0.58,2.4394836198219787
conversion,Womens e-mail,T-learner,0.59,2.5813132815845696
conversion,Womens e-mail,T-learner,0.6,2.4515605988348574
conversion,Womens e-mail,T-learner,0.61,2.4998420864066584
conversion,Womens e-mail,T-learner,0.62,2.498060768816342
conversion,Womens e-mail,T-learner,0.63,2.5887875415185686
conversion,Womens e-mail,T-learner,0.64,2.488702516387415
conversion,Womens e-mail,T-learner,0.65,2.5404847609568586
conversion,Womens e-mail,T-learner,0.66,2.5931890558520707
conversion,Womens e-mail,T-learner,0.67,2.552484146875098
conversion,Womens e-mail,T-learner,0.68,2.552457670642556
conversion,Womens e-mail,T-learner,0.69,2.5528959770277044
conversion,Womens e-mail,T-learner,0.7,2.594430554536279
conversion,Womens e-mail,T-learner,0.71,2.60519937266161
conversion,Womens e-mail,T-learner,0.72,2.6547031470061064
conversion,Womens e-mail,T-learner,0.73,2.6655827373676475
conversion,Womens e-mail,T-learner,0.74,2.842677631967369
conversion,Womens e-mail,T-learner,0.75,2.796222068441099
conversion,Womens e-mail,T-learner,0.76,2.69494194939737
conversion,Womens e-mail,T-learner,0.77,2.8349158178300486
conversion,Womens e-mail,T-learner,0.78,2.880592114622832
conversion,Womens e-mail,T-learner,0.79,2.878423566030949
conversion,Womens e-mail,T-learner,0.8,2.8745221231947595
conversion,Womens e-mail,T-learner,0.81,2.692404331945821
conversion,Womens e-mail,T-learner,0.82,2.8827978616112877
conversion,Womens e-mail,T-learner,0.83,2.73265019762112
conversion,Womens e-mail,T-learner,0.84,2.7719627788265404
conversion,Womens e-mail,T-learner,0.85,2.7769446286213513
conversion,Womens e-mail,T-learner,0.86,2.812676652891309
conversion,Womens e-mail,T-learner,0.87,2.8012147503443274
conversion,Womens e-mail,T-learner,0.88,2.801038256335615
conversion,Womens e-mail,T-learner,0.89,2.896714338520362
conversion,Womens e-mail,T-learner,0.9,2.8495208915270105
conversion,Womens e-mail,T-learner,0.91,2.9426559411772573
conversion,Womens e-mail,T-learner,0.92,2.8515993543721403
conversion,Womens e-mail,T-learner,0.93,2.900324268904218
conversion,Womens e-mail,T-learner,0.94,2.904593833138934
conversion,Womens e-mail,T-learner,0.95,2.9049290229035223
conversion,Womens e-mail,T-learner,0.96,3.0006968231285343
conversion,Womens e-mail,T-learner,0.97,2.952881225044887
conversion,Womens e-mail,T-learner,0.98,2.971180761620913
conversion,Womens e-mail,T-learner,0.99,3.0602079134459617
conversion,Womens e-mail,T-learner,1.0,3.1110575110852583
conversion,Womens e-mail,Transformed outcome,0.0,0.0
conversion,Womens e-mail,Transformed outcome,0.01,0.31091375533831017
conversion,Womens e-mail,Transformed outcome,0.02,0.34164317524690146
conversion,Womens e-mail,Transformed outcome,0.03,0.3764031955162102
conversion,Womens e-mail,Transformed outcome,0.04,0.5851409291512876
conversion,Womens e-mail,Transformed outcome,0.05,0.6284127739765896
conversion,Womens e-mail,Transformed outcome,0.06,0.5661784499134905
conversion,Womens e-mail,Transformed outcome,0.07,0.6115041930675187
conversion,Womens e-mail,Transformed outcome,0.08,0.8375929705726283
conversion,Womens e-mail,Transformed outcome,0.09,0.7930836174827037
conversion,Womens e-mail,Transformed outcome,0.1,0.8047751404961473
conversion,Womens e-mail,Transformed outcome,0.11,0.8095969868851147
conversion,Womens e-mail,Transformed outcome,0.12,0.7263806101114061
conversion,Womens e-mail,Transformed outcome,0.13,0.8394074326752285
conversion,Womens e-mail,Transformed outcome,0.14,0.9326821067498832
conversion,Womens e-mail,Transformed outcome,0.15,0.9405742437969563
conversion,Womens e-mail,Transformed outcome,0.16,0.8896834032349807
conversion,Womens e-mail,Transformed outcome,0.17,0.9273574917260643
conversion,Womens e-mail,Transformed outcome,0.18,1.0734564129839346
conversion,Womens e-mail,Transformed outcome,0.19,1.156793838169319
conversion,Womens e-mail,Transformed outcome,0.2,1.264222222935501
conversion,Womens e-mail,Transformed outcome,0.21,1.0790279476525961
conversion,Womens e-mail,Transformed outcome,0.22,1.0286566205488812
conversion,Womens e-mail,Transformed outcome,0.23,0.9635987339318492
conversion,Womens e-mail,Transformed outcome,0.24,1.028718015989615
conversion,Womens e-mail,Transformed outcome,0.25,1.0775151798548166
conversion,Womens e-mail,Transformed outcome,0.26,1.1279660378283243
conversion,Womens e-mail,Transformed outcome,0.27,1.1680444897749667
conversion,Womens e-mail,Transformed outcome,0.28,1.1163906788987177
conversion,Womens e-mail,Transformed outcome,0.29,1.1187855254027643
conversion,Womens e-mail,Transformed outcome,0.3,1.2095580022779953
conversion,Womens e-mail,Transformed outcome,0.31,1.2193223672060212
conversion,Womens e-mail,Transformed outcome,0.32,1.3904324099417746
conversion,Womens e-mail,Transformed outcome,0.33,1.3870164870794224
conversion,Womens e-mail,Transformed outcome,0.34,1.430778569024449
conversion,Womens e-mail,Transformed outcome,0.35,1.4239501808350745
conversion,Womens e-mail,Transformed outcome,0.36,1.4276197426265689
conversion,Womens e-mail,Transformed outcome,0.37,1.4114307101156223
conversion,Womens e-mail,Transformed outcome,0.38,1.4114883985057727
conversion,Womens e-mail,Transformed outcome,0.39,1.3617224812136153
conversion,Womens e-mail,Transformed outcome,0.4,1.4962626598794455
conversion,Womens e-mail,Transformed outcome,0.41,1.454383999260476
conversion,Womens e-mail,Transformed outcome,0.42,1.5507014783941855
conversion,Womens e-mail,Transformed outcome,0.43,1.6380507088099292
conversion,Womens e-mail,Transformed outcome,0.44,1.5432670086439806
conversion,Womens e-mail,Transformed outcome,0.45,1.5987882795758368
conversion,Womens e-mail,Transformed outcome,0.46,1.7360339822984558
conversion,Womens e-mail,Transformed outcome,0.47,1.745230796869713
conversion,Womens e-mail,Transformed outcome,0.48,1.7951420472568425
conversion,Womens e-mail,Transformed outcome,0.49,1.9508092407074515
conversion,Womens e-mail,Transformed outcome,0.5,1.9962511835945178
conversion,Womens e-mail,Transformed outcome,0.51,2.0773549487170557
conversion,Womens e-mail,Transformed outcome,0.52,2.128985256933135
conversion,Womens e-mail,Transformed outcome,0.53,2.131183251306373
conversion,Womens e-mail,Transformed outcome,0.54,2.276846388588928
conversion,Womens e-mail,Transformed outcome,0.55,2.2210384360336555
conversion,Womens e-mail,Transformed outcome,0.56,2.2630616654446984
conversion,Womens e-mail,Transformed outcome,0.57,2.3704871214790635
conversion,Womens e-mail,Transformed outcome,0.58,2.2825135964192294
conversion,Womens e-mail,Transformed outcome,0.59,2.2337890014241384
conversion,Womens e-mail,Transformed outcome,0.6,2.323817432329324
conversion,Womens e-mail,Transformed outcome,0.61,2.232531527431682
conversion,Womens e-mail,Transformed outcome,0.62,2.280928898085811
conversion,Womens e-mail,Transformed outcome,0.63,2.2633744241820204
conversion,Womens e-mail,Transformed outcome,0.64,2.40258557334604
conversion,Womens e-mail,Transformed outcome,0.65,2.4928105460518073
conversion,Womens e-mail,Transformed outcome,0.66,2.4596985855427627
conversion,Womens e-mail,Transformed outcome,0.67,2.4612315427356983
conversion,Womens e-mail,Transformed outcome,0.68,2.5217066596551168
conversion,Womens e-mail,Transformed outcome,0.69,2.567676948369246
conversion,Womens e-mail,Transformed outcome,0.7,2.6214964121183835
conversion,Womens e-mail,Transformed outcome,0.71,2.7196793594948763
conversion,Womens e-mail,Transformed outcome,0.72,2.7213002545449614
conversion,Womens e-mail,Transformed outcome,0.73,2.7548242706044723
conversion,Womens e-mail,Transformed outcome,0.74,2.80247817236707
conversion,Womens e-mail,Transformed outcome,0.75,2.948094230206943
conversion,Womens e-mail,Transformed outcome,0.76,2.8436283150191084
conversion,Womens e-mail,Transformed outcome,0.77,2.845196669364821
conversion,Womens e-mail,Transformed outcome,0.78,2.883288548299988
conversion,Womens e-mail,Transformed outcome,0.79,2.972871570112299
conversion,Womens e-mail,Transformed outcome,0.8,2.821623397266384
conversion,Womens e-mail,Transformed outcome,0.81,2.9148558612758535
conversion,Womens e-mail,Transformed outcome,0.82,2.725015291199675
conversion,Womens e-mail,Transformed outcome,0.83,2.7869054102114497
conversion,Womens e-mail,Transformed outcome,0.84,2.7392503336660283
conversion,Womens e-mail,Transformed outcome,0.85,2.698862087720712
conversion,Womens e-mail,Transformed outcome,0.86,2.651369459572578
conversion,Womens e-mail,Transformed outcome,0.87,2.785750687602745
conversion,Womens e-mail,Transformed outcome,0.88,2.786085930243608
conversion,Womens e-mail,Transformed outcome,0.89,2.736012041999311
conversion,Womens e-mail,Transformed outcome,0.9,2.729855047059313
conversion,Womens e-mail,Transformed outcome,0.91,2.595840553051332
conversion,Womens e-mail,Transformed outcome,0.92,2.6869476350347377
conversion,Womens e-mail,Transformed outcome,0.93,2.638144207725625
conversion,Womens e-mail,Transformed outcome,0.94,2.724110047388584
conversion,Womens e-mail,Transformed outcome,0.95,2.8243632433882633
conversion,Womens e-mail,Transformed outcome,0.96,2.8706721926105363
conversion,Womens e-mail,Transformed outcome,0.97,2.9272153220203205
conversion,Womens e-mail,Transformed outcome,0.98,2.8243091814589603
conversion,Womens e-mail,Transformed outcome,0.99,2.967814699653316
conversion,Womens e-mail,Transformed outcome,1.0,3.1110575110852583
conversion,Womens e-mail,X-learner,0.0,0.0
conversion,Womens e-mail,X-learner,0.01,0.2477380934283929
conversion,Womens e-mail,X-learner,0.02,0.5095474390282596
conversion,Womens e-mail,X-learner,0.03,0.7644528893034573
conversion,Womens e-mail,X-learner,0.04,0.6358102194990426
conversion,Womens e-mail,X-learner,0.05,0.7434751827152217
conversion,Womens e-mail,X-learner,0.06,0.7457849047998405
conversion,Womens e-mail,X-learner,0.07,0.7778739831316498
conversion,Womens e-mail,X-learner,0.08,0.7681704910981089
conversion,Womens e-mail,X-learner,0.09,0.9892606861927665
conversion,Womens e-mail,X-learner,0.1,1.032009087387163
conversion,Womens e-mail,X-learner,0.11,1.087525397498678
conversion,Womens e-mail,X-learner,0.12,1.1349906643453243
conversion,Womens e-mail,X-learner,0.13,1.2665559162935334
conversion,Womens e-mail,X-learner,0.14,1.0878461447039043
conversion,Womens e-mail,X-learner,0.15,1.0458777947351834
conversion,Womens e-mail,X-learner,0.16,1.069130695088755
conversion,Womens e-mail,X-learner,0.17,1.0717457154650916
conversion,Womens e-mail,X-learner,0.18,1.11065614259255
conversion,Womens e-mail,X-learner,0.19,1.0333649706907988
conversion,Womens e-mail,X-learner,0.2,1.1708592296608555
conversion,Womens e-mail,X-learner,0.21,1.1336997722272222
conversion,Womens e-mail,X-learner,0.22,1.1297181916370502
conversion,Womens e-mail,X-learner,0.23,1.2261325519512527
conversion,Womens e-mail,X-learner,0.24,1.296443382522038
conversion,Womens e-mail,X-learner,0.25,1.3890710670622426
conversion,Womens e-mail,X-learner,0.26,1.2936581766188147
conversion,Womens e-mail,X-learner,0.27,1.2477194899021065
conversion,Womens e-mail,X-learner,0.28,1.1176645063593433
conversion,Womens e-mail,X-learner,0.29,1.1654711737959556
conversion,Womens e-mail,X-learner,0.3,1.2091974395339085
conversion,Womens e-mail,X-learner,0.31,1.2561755349997406
conversion,Womens e-mail,X-learner,0.32,1.3888712267244354
conversion,Womens e-mail,X-learner,0.33,1.4770774320515951
conversion,Womens e-mail,X-learner,0.34,1.380844406922297
conversion,Womens e-mail,X-learner,0.35,1.4199134883539533
conversion,Womens e-mail,X-learner,0.36,1.5206100850312643
conversion,Womens e-mail,X-learner,0.37,1.5564986823721372
conversion,Womens e-mail,X-learner,0.38,1.5152867208016518
conversion,Womens e-mail,X-learner,0.39,1.6630774910667712
conversion,Womens e-mail,X-learner,0.4,1.7999784667391865
conversion,Womens e-mail,X-learner,0.41,1.8859445552971097
conversion,Womens e-mail,X-learner,0.42,1.925795377149697
conversion,Womens e-mail,X-learner,0.43,1.977620496254599
conversion,Womens e-mail,X-learner,0.44,1.9717845879788933
conversion,Womens e-mail,X-learner,0.45,1.9683640124000699
conversion,Womens e-mail,X-learner,0.46,1.9231133337735244
conversion,Womens e-mail,X-learner,0.47,2.010687129387622
conversion,Womens e-mail,X-learner,0.48,2.0609879051906144
conversion,Womens e-mail,X-learner,0.49,2.107165200678155
conversion,Womens e-mail,X-learner,0.5,2.154353822286385
conversion,Womens e-mail,X-learner,0.51,2.2357109324471467
conversion,Womens e-mail,X-learner,0.52,2.239068937661084
conversion,Womens e-mail,X-learner,0.53,2.284335975406484
conversion,Womens e-mail,X-learner,0.54,2.2243911582948366
conversion,Womens e-mail,X-learner,0.55,2.2731749356357525
conversion,Womens e-mail,X-learner,0.56,2.500447194322529
conversion,Womens e-mail,X-learner,0.57,2.6589527174013154
conversion,Womens e-mail,X-learner,0.58,2.700874546350488
conversion,Womens e-mail,X-learner,0.59,2.7124830046703443
conversion,Womens e-mail,X-learner,0.6,2.5715235836973487
conversion,Womens e-mail,X-learner,0.61,2.5693020911465707
conversion,Womens e-mail,X-learner,0.62,2.571075820559328
conversion,Womens e-mail,X-learner,0.63,2.609834632101784
conversion,Womens e-mail,X-learner,0.64,2.7002978133555198
conversion,Womens e-mail,X-learner,0.65,2.7066004950832028
conversion,Womens e-mail,X-learner,0.66,2.6613259186714453
conversion,Womens e-mail,X-learner,0.67,2.5232725687265467
conversion,Womens e-mail,X-learner,0.68,2.4637820039572724
conversion,Womens e-mail,X-learner,0.69,2.499837010051786
conversion,Womens e-mail,X-learner,0.7,2.4436968044606555
conversion,Womens e-mail,X-learner,0.71,2.4819771956387733
conversion,Womens e-mail,X-learner,0.72,2.49184216781575
conversion,Womens e-mail,X-learner,0.73,2.502732287190716
conversion,Womens e-mail,X-learner,0.74,2.4569997355072757
conversion,Womens e-mail,X-learner,0.75,2.4065770399563764
conversion,Womens e-mail,X-learner,0.76,2.3635897390908425
conversion,Womens e-mail,X-learner,0.77,2.3720200489338503
conversion,Womens e-mail,X-learner,0.78,2.5467841297001494
conversion,Womens e-mail,X-learner,0.79,2.537912207447595
conversion,Womens e-mail,X-learner,0.8,2.587691263437729
conversion,Womens e-mail,X-learner,0.81,2.7172172805357615
conversion,Womens e-mail,X-learner,0.82,2.739853944846355
conversion,Womens e-mail,X-learner,0.83,2.8359890882604315
conversion,Womens e-mail,X-learner,0.84,2.8838885896961903
conversion,Womens e-mail,X-learner,0.85,2.9674184568154325
conversion,Womens e-mail,X-learner,0.86,2.913665822370546
conversion,Womens e-mail,X-learner,0.87,2.9095016392396005
conversion,Womens e-mail,X-learner,0.88,2.9035209920411087
conversion,Womens e-mail,X-learner,0.89,2.8411610086083945
conversion,Womens e-mail,X-learner,0.9,2.8902717096601362
conversion,Womens e-mail,X-learner,0.91,2.9360374398516123
conversion,Womens e-mail,X-learner,0.92,3.074622203350005
conversion,Womens e-mail,X-learner,0.93,3.0830437943401354
conversion,Womens e-mail,X-learner,0.94,3.090373416920473
conversion,Womens e-mail,X-learner,0.95,2.9560767464098183
conversion,Womens e-mail,X-learner,0.96,3.0611513864128743
conversion,Womens e-mail,X-learner,0.97,3.0661573993370568
conversion,Womens e-mail,X-learner,0.98,2.9765154101976736
conversion,Womens e-mail,X-learner,0.99,2.9678618288332586
conversion,Womens e-mail,X-learner,1.0,3.1110575110852583
conversion,Womens e-mail,Response model,0.0,0.0
conversion,Womens e-mail,Response model,0.01,0.26818185234164454
conversion,Womens e-mail,Response model,0.02,0.3737501407454549
conversion,Womens e-mail,Response model,0.03,0.6596675119784554
conversion,Womens e-mail,Response model,0.04,0.5895477285600792
conversion,Womens e-mail,Response model,0.05,0.44439690469529614
conversion,Womens e-mail,Response model,0.06,0.5231286918403839
conversion,Womens e-mail,Response model,0.07,0.5255545563641658
conversion,Womens e-mail,Response model,0.08,0.42326538401824865
conversion,Womens e-mail,Response model,0.09,0.48846400871345996
conversion,Womens e-mail,Response model,0.1,0.6760179140148033
conversion,Womens e-mail,Response model,0.11,0.66148846543455
conversion,Womens e-mail,Response model,0.12,0.6926897001903133
conversion,Womens e-mail,Response model,0.13,0.8317096055585689
conversion,Womens e-mail,Response model,0.14,1.0620449810083705
conversion,Womens e-mail,Response model,0.15,0.9870513784745768
conversion,Womens e-mail,Response model,0.16,1.0703557812545106
conversion,Womens e-mail,Response model,0.17,1.077613058084843
conversion,Womens e-mail,Response model,0.18,1.172841605830268
conversion,Womens e-mail,Response model,0.19,1.2062525502916017
conversion,Womens e-mail,Response model,0.2,1.3409819725679253
conversion,Womens e-mail,Response model,0.21,1.3921617514474824
conversion,Womens e-mail,Response model,0.22,1.445380641677789
conversion,Womens e-mail,Response model,0.23,1.6673281532718929
conversion,Womens e-mail,Response model,0.24,1.621865587385136
conversion,Womens e-mail,Response model,0.25,1.7984037957247665
conversion,Womens e-mail,Response model,0.26,1.729144436621362
conversion,Womens e-mail,Response model,0.27,1.8141236274636354
conversion,Womens e-mail,Response model,0.28,1.8122172734287691
conversion,Womens e-mail,Response model,0.29,1.9427617517073745
conversion,Womens e-mail,Response model,0.3,1.9040049973588848
conversion,Womens e-mail,Response model,0.31,1.9129645023300854
conversion,Womens e-mail,Response model,0.32,1.9557388312017283
conversion,Womens e-mail,Response model,0.33,2.0105158042749034
conversion,Womens e-mail,Response model,0.34,2.012788855127077
conversion,Womens e-mail,Response model,0.35,2.056406104321265
conversion,Womens e-mail,Response model,0.36,2.016267418384136
conversion,Womens e-mail,Response model,0.37,1.964641414594793
conversion,Womens e-mail,Response model,0.38,1.9136778541603932
conversion,Womens e-mail,Response model,0.39,1.8233534758288632
conversion,Womens e-mail,Response model,0.4,1.8535088665524295
conversion,Womens e-mail,Response model,0.41,1.9403502037070548
conversion,Womens e-mail,Response model,0.42,1.8953144223930056
conversion,Womens e-mail,Response model,0.43,1.9395037540956712
conversion,Womens e-mail,Response model,0.44,1.8523362218775878
conversion,Womens e-mail,Response model,0.45,1.952406127990929
conversion,Womens e-mail,Response model,0.46,2.01406854514314
conversion,Womens e-mail,Response model,0.47,1.929631790949629
conversion,Womens e-mail,Response model,0.48,1.9290337126087127
conversion,Womens e-mail,Response model,0.49,2.0260775032679965
conversion,Womens e-mail,Response model,0.5,2.18019203462693
conversion,Womens e-mail,Response model,0.51,2.234039679189013
conversion,Womens e-mail,Response model,0.52,2.2319270993720686
conversion,Womens e-mail,Response model,0.53,2.364739402513808
conversion,Womens e-mail,Response model,0.54,2.4481349476115417
conversion,Womens e-mail,Response model,0.55,2.592346674836708
conversion,Womens e-mail,Response model,0.56,2.5916513051507133
conversion,Womens e-mail,Response model,0.57,2.7334771523715005
conversion,Womens e-mail,Response model,0.58,2.6943905419361736
conversion,Womens e-mail,Response model,0.59,2.6906850690712667
conversion,Womens e-mail,Response model,0.6,2.64658688276846
conversion,Womens e-mail,Response model,0.61,2.6053652958955045
conversion,Womens e-mail,Response model,0.62,2.6439682415205485
conversion,Womens e-mail,Response model,0.63,2.638903749848704
conversion,Womens e-mail,Response model,0.64,2.7294905741393753
conversion,Womens e-mail,Response model,0.65,2.769768569319009
conversion,Womens e-mail,Response model,0.66,2.6559515787485974
conversion,Womens e-mail,Response model,0.67,2.614378176877231
conversion,Womens e-mail,Response model,0.68,2.670741747339726
conversion,Womens e-mail,Response model,0.69,2.6235830326594494
conversion,Womens e-mail,Response model,0.7,2.6176291787478023
conversion,Womens e-mail,Response model,0.71,2.564128771614731
conversion,Womens e-mail,Response model,0.72,2.5484438925963016
conversion,Womens e-mail,Response model,0.73,2.5378800472175547
conversion,Womens e-mail,Response model,0.74,2.6002322925148893
conversion,Womens e-mail,Response model,0.75,2.7420342617747036
conversion,Womens e-mail,Response model,0.76,2.6971682212221597
conversion,Womens e-mail,Response model,0.77,2.789860067222861
conversion,Womens e-mail,Response model,0.78,2.7898195311207767
conversion,Womens e-mail,Response model,0.79,2.792130648475331
conversion,Womens e-mail,Response model,0.8,2.7887827153821356
conversion,Womens e-mail,Response model,0.81,2.83085580786293
conversion,Womens e-mail,Response model,0.82,2.7750334562943464
conversion,Womens e-mail,Response model,0.83,2.9260343011856444
conversion,Womens e-mail,Response model,0.84,2.838674555434701
conversion,Womens e-mail,Response model,0.85,2.79151307694777
conversion,Womens e-mail,Response model,0.86,2.8335941119430834
conversion,Womens e-mail,Response model,0.87,2.97599992375043
conversion,Womens e-mail,Response model,0.88,3.0313691812335146
conversion,Womens e-mail,Response model,0.89,3.0813896779836503
conversion,Womens e-mail,Response model,0.9,3.038167198006134
conversion,Womens e-mail,Response model,0.91,2.9511659537873607
conversion,Womens e-mail,Response model,0.92,2.9089546841347156
conversion,Womens e-mail,Response model,0.93,2.949819063434456
conversion,Womens e-mail,Response model,0.94,3.1269586903842583
conversion,Womens e-mail,Response model,0.95,3.171892238509663
conversion,Womens e-mail,Response model,0.96,3.1246863226799104
conversion,Womens e-mail,Response model,0.97,3.169575213451986
conversion,Womens e-mail,Response model,0.98,3.1287290859911128
conversion,Womens e-mail,Response model,0.99,3.137117897530697
conversion,Womens e-mail,Response model,1.0,3.1110575110852583
spend,Mens e-mail,DR-learner,0.0,0.0
spend,Mens e-mail,DR-learner,0.01,14.87690909211901
spend,Mens e-mail,DR-learner,0.02,14.150895408391849
spend,Mens e-mail,DR-learner,0.03,27.562692251808127
spend,Mens e-mail,DR-learner,0.04,32.53978235604858
spend,Mens e-mail,DR-learner,0.05,42.53374750850465
spend,Mens e-mail,DR-learner,0.06,42.11172271935584
spend,Mens e-mail,DR-learner,0.07,46.10192021795409
spend,Mens e-mail,DR-learner,0.08,54.836807346211174
spend,Mens e-mail,DR-learner,0.09,64.9112879547879
spend,Mens e-mail,DR-learner,0.1,62.22345521713345
spend,Mens e-mail,DR-learner,0.11,63.11619661136786
spend,Mens e-mail,DR-learner,0.12,101.60133131128221
spend,Mens e-mail,DR-learner,0.13,103.1896335927039
spend,Mens e-mail,DR-learner,0.14,117.1415966831752
spend,Mens e-mail,DR-learner,0.15,128.70319569858853
spend,Mens e-mail,DR-learner,0.16,141.0231642162922
spend,Mens e-mail,DR-learner,0.17,160.76533372258237
spend,Mens e-mail,DR-learner,0.18,151.14615988309214
spend,Mens e-mail,DR-learner,0.19,161.10069406221945
spend,Mens e-mail,DR-learner,0.2,161.84405018525837
spend,Mens e-mail,DR-learner,0.21,168.47212614066567
spend,Mens e-mail,DR-learner,0.22,180.4923296148248
spend,Mens e-mail,DR-learner,0.23,162.07332845133797
spend,Mens e-mail,DR-learner,0.24,170.20791008207732
spend,Mens e-mail,DR-learner,0.25,169.88448671215474
spend,Mens e-mail,DR-learner,0.26,143.60123227051324
spend,Mens e-mail,DR-learner,0.27,138.80707614145965
spend,Mens e-mail,DR-learner,0.28,181.20039265767838
spend,Mens e-mail,DR-learner,0.29,177.15510338678638
spend,Mens e-mail,DR-learner,0.3,181.16936261763368
spend,Mens e-mail,DR-learner,0.31,178.02158019544933
spend,Mens e-mail,DR-learner,0.32,176.57478274385747
spend,Mens e-mail,DR-learner,0.33,178.88409279044492
spend,Mens e-mail,DR-learner,0.34,216.27703699698213
spend,Mens e-mail,DR-learner,0.35,228.14223619346004
spend,Mens e-mail,DR-learner,0.36,235.34365841825584
spend,Mens e-mail,DR-learner,0.37,241.6819779685135
spend,Mens e-mail,DR-learner,0.38,262.677859296134
spend,Mens e-mail,DR-learner,0.39,264.10163912501076
spend,Mens e-mail,DR-learner,0.4,261.43392131082135
spend,Mens e-mail,DR-learner,0.41,266.7950821371218
spend,Mens e-mail,DR-learner,0.42,306.8311884428473
spend,Mens e-mail,DR-learner,0.43,325.28263830171545
spend,Mens e-mail,DR-learner,0.44,326.94527222701987
spend,Mens e-mail,DR-learner,0.45,353.63552948672327
spend,Mens e-mail,DR-learner,0.46,374.53451951245364
spend,Mens e-mail,DR-learner,0.47,373.9673080363805
spend,Mens e-mail,DR-learner,0.48,369.73875102624856
spend,Mens e-mail,DR-learner,0.49,394.8796247692982
spend,Mens e-mail,DR-learner,0.5,367.9393824170153
spend,Mens e-mail,DR-learner,0.51,372.9895771914155
spend,Mens e-mail,DR-learner,0.52,374.0381502525046
spend,Mens e-mail,DR-learner,0.53,363.38905760108366
spend,Mens e-mail,DR-learner,0.54,368.67450596732107
spend,Mens e-mail,DR-learner,0.55,372.9018137236528
spend,Mens e-mail,DR-learner,0.56,383.2743891178373
spend,Mens e-mail,DR-learner,0.57,383.3457369444614
spend,Mens e-mail,DR-learner,0.58,391.0996033239334
spend,Mens e-mail,DR-learner,0.59,402.85249366146996
spend,Mens e-mail,DR-learner,0.6,417.88103636828413
spend,Mens e-mail,DR-learner,0.61,446.7637937992687
spend,Mens e-mail,DR-learner,0.62,455.7680790472229
spend,Mens e-mail,DR-learner,0.63,457.7806045387515
spend,Mens e-mail,DR-learner,0.64,471.9453481335622
spend,Mens e-mail,DR-learner,0.65,494.18862381647085
spend,Mens e-mail,DR-learner,0.66,520.3935560975614
spend,Mens e-mail,DR-learner,0.67,530.1356012533153
spend,Mens e-mail,DR-learner,0.68,534.9907999618803
spend,Mens e-mail,DR-learner,0.69,528.6052111243388
spend,Mens e-mail,DR-learner,0.7,516.9220320490623
spend,Mens e-mail,DR-learner,0.71,515.219626969136
spend,Mens e-mail,DR-learner,0.72,529.0986483096309
spend,Mens e-mail,DR-learner,0.73,519.776682988944
spend,Mens e-mail,DR-learner,0.74,542.386954705158
spend,Mens e-mail,DR-learner,0.75,561.6519100335893
spend,Mens e-mail,DR-learner,0.76,579.219481721174
spend,Mens e-mail,DR-learner,0.77,573.6960346568694
spend,Mens e-mail,DR-learner,0.78,576.434563170014
spend,Mens e-mail,DR-learner,0.79,578.1732620454434
spend,Mens e-mail,DR-learner,0.8,578.4587107056133
spend,Mens e-mail,DR-learner,0.81,583.0113906509566
spend,Mens e-mail,DR-learner,0.82,561.628452968188
spend,Mens e-mail,DR-learner,0.83,583.9495066977033
spend,Mens e-mail,DR-learner,0.84,606.364560588032
spend,Mens e-mail,DR-learner,0.85,611.7350452353405
spend,Mens e-mail,DR-learner,0.86,622.2235821730327
spend,Mens e-mail,DR-learner,0.87,638.2001456433081
spend,Mens e-mail,DR-learner,0.88,640.7395416475445
spend,Mens e-mail,DR-learner,0.89,648.0714894599284
spend,Mens e-mail,DR-learner,0.9,655.9814058279832
spend,Mens e-mail,DR-learner,0.91,674.0735678766744
spend,Mens e-mail,DR-learner,0.92,671.5870342574743
spend,Mens e-mail,DR-learner,0.93,677.7619626096048
spend,Mens e-mail,DR-learner,0.94,694.9621947605484
spend,Mens e-mail,DR-learner,0.95,696.5258648592388
spend,Mens e-mail,DR-learner,0.96,772.3344635678135
spend,Mens e-mail,DR-learner,0.97,805.9452315921042
spend,Mens e-mail,DR-learner,0.98,804.031411212164
spend,Mens e-mail,DR-learner,0.99,769.6895655131337
spend,Mens e-mail,DR-learner,1.0,769.8271558945384
spend,Mens e-mail,S-learner,0.0,0.0
spend,Mens e-mail,S-learner,0.01,-0.35207179133931676
spend,Mens e-mail,S-learner,0.02,8.18165438971692
spend,Mens e-mail,S-learner,0.03,4.230525729219014
spend,Mens e-mail,S-learner,0.04,12.58941471951136
spend,Mens e-mail,S-learner,0.05,18.94435662231047
spend,Mens e-mail,S-learner,0.06,23.48443983268194
spend,Mens e-mail,S-learner,0.07,41.43436082841772
spend,Mens e-mail,S-learner,0.08,37.99369514456647
spend,Mens e-mail,S-learner,0.09,60.45709811453692
spend,Mens e-mail,S-learner,0.1,64.07363167687384
spend,Mens e-mail,S-learner,0.11,66.49438068632284
spend,Mens e-mail,S-learner,0.12,66.49999945207004
spend,Mens e-mail,S-learner,0.13,69.46023218219665
spend,Mens e-mail,S-learner,0.14,83.91290399472842
spend,Mens e-mail,S-learner,0.15,80.30516256222901
spend,Mens e-mail,S-learner,0.16,113.24277030609797
spend,Mens e-mail,S-learner,0.17,122.05931524954325
spend,Mens e-mail,S-learner,0.18,120.79321352403106
spend,Mens e-mail,S-learner,0.19,118.32765426885013
spend,Mens e-mail,S-learner,0.2,129.50753983448328
spend,Mens e-mail,S-learner,0.21,115.98599986317
spend,Mens e-mail,S-learner,0.22,77.84075308465552
spend,Mens e-mail,S-learner,0.23,93.43844509786427
spend,Mens e-mail,S-learner,0.24,63.78282592373809
spend,Mens e-mail,S-learner,0.25,84.88202823478636
spend,Mens e-mail,S-learner,0.26,129.41380345925802
spend,Mens e-mail,S-learner,0.27,137.69252044149147
spend,Mens e-mail,S-learner,0.28,138.2406801260199
spend,Mens e-mail,S-learner,0.29,143.3630357683971
spend,Mens e-mail,S-learner,0.3,148.81584990907155
spend,Mens e-mail,S-learner,0.31,160.14723396104802
spend,Mens e-mail,S-learner,0.32,177.0111018236044
spend,Mens e-mail,S-learner,0.33,179.79185564621224
spend,Mens e-mail,S-learner,0.34,188.7178704009978
spend,Mens e-mail,S-learner,0.35,205.40502126137793
spend,Mens e-mail,S-learner,0.36,210.44280265883066
spend,Mens e-mail,S-learner,0.37,234.47293895981906
spend,Mens e-mail,S-learner,0.38,257.9543580847936
spend,Mens e-mail,S-learner,0.39,221.19294992492158
spend,Mens e-mail,S-learner,0.4,222.79034044928187
spend,Mens e-mail,S-learner,0.41,234.425714177864
spend,Mens e-mail,S-learner,0.42,236.1358347840529
spend,Mens e-mail,S-learner,0.43,222.6702554821438
spend,Mens e-mail,S-learner,0.44,226.60427379937275
spend,Mens e-mail,S-learner,0.45,239.5617232774396
spend,Mens e-mail,S-learner,0.46,226.68258597274908
spend,Mens e-mail,S-learner,0.47,227.82925181958868
spend,Mens e-mail,S-learner,0.48,253.14242942485487
spend,Mens e-mail,S-learner,0.49,264.12198451128154
spend,Mens e-mail,S-learner,0.5,284.91890728878354
spend,Mens e-mail,S-learner,0.51,294.0361258736075
spend,Mens e-mail,S-learner,0.52,305.7222465375289
spend,Mens e-mail,S-learner,0.53,316.3660501989564
spend,Mens e-mail,S-learner,0.54,298.34160679544425
spend,Mens e-mail,S-learner,0.55,315.8619977816083
spend,Mens e-mail,S-learner,0.56,314.83866082756356
spend,Mens e-mail,S-learner,0.57,324.3629118828738
spend,Mens e-mail,S-learner,0.58,367.563403712001
spend,Mens e-mail,S-learner,0.59,369.03989661362544
spend,Mens e-mail,S-learner,0.6,387.317194736887
spend,Mens e-mail,S-learner,0.61,425.95657613713337
spend,Mens e-mail,S-learner,0.62,412.82556868772156
spend,Mens e-mail,S-learner,0.63,432.6531760196695
spend,Mens e-mail,S-learner,0.64,444.5424374113341
spend,Mens e-mail,S-learner,0.65,451.6355383383482
spend,Mens e-mail,S-learner,0.66,452.9415195883869
spend,Mens e-mail,S-learner,0.67,464.4370738557286
spend,Mens e-mail,S-learner,0.68,455.9378049159491
spend,Mens e-mail,S-learner,0.69,458.366882904998
spend,Mens e-mail,S-learner,0.7,466.4369490852097
spend,Mens e-mail,S-learner,0.71,515.4288006712751
spend,Mens e-mail,S-learner,0.72,515.3247389807157
spend,Mens e-mail,S-learner,0.73,526.6936553847748
spend,Mens e-mail,S-learner,0.74,522.6591628181083
spend,Mens e-mail,S-learner,0.75,548.911124159369
spend,Mens e-mail,S-learner,0.76,552.6615834816558
spend,Mens e-mail,S-learner,0.77,552.3319391774909
spend,Mens e-mail,S-learner,0.78,620.2718219956457
spend,Mens e-mail,S-learner,0.79,603.757097037695
spend,Mens e-mail,S-learner,0.8,609.0214429160031
spend,Mens e-mail,S-learner,0.81,609.0656743983634
spend,Mens e-mail,S-learner,0.82,627.7486042476271
spend,Mens e-mail,S-learner,0.83,651.2948797961081
spend,Mens e-mail,S-learner,0.84,663.6327181626336
spend,Mens e-mail,S-learner,0.85,670.5410537484908
spend,Mens e-mail,S-learner,0.86,675.8760295627337
spend,Mens e-mail,S-learner,0.87,694.3441180126467
spend,Mens e-mail,S-learner,0.88,692.7472464272623
spend,Mens e-mail,S-learner,0.89,699.7415207958869
spend,Mens e-mail,S-learner,0.9,704.9158811735603
spend,Mens e-mail,S-learner,0.91,704.8241753117728
spend,Mens e-mail,S-learner,0.92,723.1425083341868
spend,Mens e-mail,S-learner,0.93,756.8380978692443
spend,Mens e-mail,S-learner,0.94,757.0590090478563
spend,Mens e-mail,S-learner,0.95,751.8695536401889
spend,Mens e-mail,S-learner,0.96,746.4769379210584
spend,Mens e-mail,S-learner,0.97,751.1086928037093
spend,Mens e-mail,S-learner,0.98,754.4710261911035
spend,Mens e-mail,S-learner,0.99,760.6482369571364
spend,Mens e-mail,S-learner,1.0,769.8271558945389
spend,Mens e-mail,T-learner,0.0,0.0
spend,Mens e-mail,T-learner,0.01,15.225246263653688
spend,Mens e-mail,T-learner,0.02,9.620961149071071
spend,Mens e-mail,T-learner,0.03,24.7454682700385
spend,Mens e-mail,T-learner,0.04,19.353640000478112
spend,Mens e-mail,T-learner,0.05,21.40344044217155
spend,Mens e-mail,T-learner,0.06,47.40784689446931
spend,Mens e-mail,T-learner,0.07,48.25767373295316
spend,Mens e-mail,T-learner,0.08,47.338975253867524
spend,Mens e-mail,T-learner,0.09,54.77559234520217
spend,Mens e-mail,T-learner,0.1,77.00175754864325
spend,Mens e-mail,T-learner,0.11,84.39076794826777
spend,Mens e-mail,T-learner,0.12,94.2941402230104
spend,Mens e-mail,T-learner,0.13,95.57947074009402
spend,Mens e-mail,T-learner,0.14,121.42668064774121
spend,Mens e-mail,T-learner,0.15,127.43996809945024
spend,Mens e-mail,T-learner,0.16,115.0989944818203
spend,Mens e-mail,T-learner,0.17,129.18384497695362
spend,Mens e-mail,T-learner,0.18,172.82262685694272
spend,Mens e-mail,T-learner,0.19,185.09708748613932
spend,Mens e-mail,T-learner,0.2,207.0931142273613
spend,Mens e-mail,T-learner,0.21,233.36051270297088
spend,Mens e-mail,T-learner,0.22,215.88009887125398
spend,Mens e-mail,T-learner,0.23,188.97736967786443
spend,Mens e-mail,T-learner,0.24,195.77432540794663
spend,Mens e-mail,T-learner,0.25,175.7558717035999
spend,Mens e-mail,T-learner,0.26,162.8778127648823
spend,Mens e-mail,T-learner,0.27,150.21585298851642
spend,Mens e-mail,T-learner,0.28,146.24069547153312
spend,Mens e-mail,T-learner,0.29,178.22321427634884
spend,Mens e-mail,T-learner,0.3,181.71083533618182
spend,Mens e-mail,T-learner,0.31,188.70009088519873
spend,Mens e-mail,T-learner,0.32,190.3832515949767
spend,Mens e-mail,T-learner,0.33,186.21957511764487
spend,Mens e-mail,T-learner,0.34,212.70081685191732
spend,Mens e-mail,T-learner,0.35,225.5528529599818
spend,Mens e-mail,T-learner,0.36,236.90336098192984
spend,Mens e-mail,T-learner,0.37,269.25178488960796
spend,Mens e-mail,T-learner,0.38,294.64116785301314
spend,Mens e-mail,T-learner,0.39,296.9705847092045
spend,Mens e-mail,T-learner,0.4,306.13860555065475
spend,Mens e-mail,T-learner,0.41,289.0854999211872
spend,Mens e-mail,T-learner,0.42,286.1351629678678
spend,Mens e-mail,T-learner,0.43,302.07743136065267
spend,Mens e-mail,T-learner,0.44,298.83456559375406
spend,Mens e-mail,T-learner,0.45,317.9960807797269
spend,Mens e-mail,T-learner,0.46,339.0884281578048
spend,Mens e-mail,T-learner,0.47,332.5573203750884
spend,Mens e-mail,T-learner,0.48,343.06422682828844
spend,Mens e-mail,T-learner,0.49,346.80210999099637
spend,Mens e-mail,T-learner,0.5,358.3515888441456
spend,Mens e-mail,T-learner,0.51,324.8465693514723
spend,Mens e-mail,T-learner,0.52,340.38025421513794
spend,Mens e-mail,T-learner,0.53,344.9613728476168
spend,Mens e-mail,T-learner,0.54,359.3705401631998
spend,Mens e-mail,T-learner,0.55,326.42694869377567
spend,Mens e-mail,T-learner,0.56,327.0073104319205
spend,Mens e-mail,T-learner,0.57,349.5721061717841
spend,Mens e-mail,T-learner,0.58,406.9213981446268
spend,Mens e-mail,T-learner,0.59,432.8953796685346
spend,Mens e-mail,T-learner,0.6,440.59596482858416
spend,Mens e-mail,T-learner,0.61,449.2023724739567
spend,Mens e-mail,T-learner,0.62,442.7452856936859
spend,Mens e-mail,T-learner,0.63,435.2192164036142
spend,Mens e-mail,T-learner,0.64,440.5343311970171
spend,Mens e-mail,T-learner,0.65,430.30803595377614
spend,Mens e-mail,T-learner,0.66,432.9428979895235
spend,Mens e-mail,T-learner,0.67,434.3347368583035
spend,Mens e-mail,T-learner,0.68,438.26977181157054
spend,Mens e-mail,T-learner,0.69,449.3010427222614
spend,Mens e-mail,T-learner,0.7,454.2993416061631
spend,Mens e-mail,T-learner,0.71,464.410525816758
spend,Mens e-mail,T-learner,0.72,471.57467407504583
spend,Mens e-mail,T-learner,0.73,510.4219212270349
spend,Mens e-mail,T-learner,0.74,509.704276797245
spend,Mens e-mail,T-learner,0.75,503.9807238949341
spend,Mens e-mail,T-learner,0.76,512.1887801856832
spend,Mens e-mail,T-learner,0.77,546.2558909820934
spend,Mens e-mail,T-learner,0.78,554.3991652979563
spend,Mens e-mail,T-learner,0.79,573.560883375765
spend,Mens e-mail,T-learner,0.8,599.1910393981758
spend,Mens e-mail,T-learner,0.81,606.135109739672
spend,Mens e-mail,T-learner,0.82,619.2959704407677
spend,Mens e-mail,T-learner,0.83,620.7158773187862
spend,Mens e-mail,T-learner,0.84,612.4328094413854
spend,Mens e-mail,T-learner,0.85,612.5436253940662
spend,Mens e-mail,T-learner,0.86,641.2139763841956
spend,Mens e-mail,T-learner,0.87,658.2671995829936
spend,Mens e-mail,T-learner,0.88,651.7556305577812
spend,Mens e-mail,T-learner,0.89,676.3196718106586
spend,Mens e-mail,T-learner,0.9,692.2215080252323
spend,Mens e-mail,T-learner,0.91,717.0904609510534
spend,Mens e-mail,T-learner,0.92,701.2430981415762
spend,Mens e-mail,T-learner,0.93,703.7140325211137
spend,Mens e-mail,T-learner,0.94,707.6707630965531
spend,Mens e-mail,T-learner,0.95,726.8978157622313
spend,Mens e-mail,T-learner,0.96,728.7000205957075
spend,Mens e-mail,T-learner,0.97,756.2209240066463
spend,Mens e-mail,T-learner,0.98,776.3652995898245
spend,Mens e-mail,T-learner,0.99,758.9606897821208
spend,Mens e-mail,T-learner,1.0,769.8271558945386
spend,Mens e-mail,Transformed outcome,0.0,0.0
spend,Mens e-mail,Transformed outcome,0.01,15.637883883151838
spend,Mens e-mail,Transformed outcome,0.02,12.205923570685524
spend,Mens e-mail,Transformed outcome,0.03,25.49914032866995
spend,Mens e-mail,Transformed outcome,0.04,21.491137444898122
spend,Mens e-mail,Transformed outcome,0.05,52.57868046395296
spend,Mens e-mail,Transformed outcome,0.06,47.24673833913042
spend,Mens e-mail,Transformed outcome,0.07,55.56180077901485
spend,Mens e-mail,Transformed outcome,0.08,61.96925898809651
spend,Mens e-mail,Transformed outcome,0.09,77.98294800936655
spend,Mens e-mail,Transformed outcome,0.1,76.85739038966389
spend,Mens e-mail,Transformed outcome,0.11,83.83715887006714
spend,Mens e-mail,Transformed outcome,0.12,80.64805120336543
spend,Mens e-mail,Transformed outcome,0.13,96.44774287228077
spend,Mens e-mail,Transformed outcome,0.14,97.43974253839987
spend,Mens e-mail,Transformed outcome,0.15,131.15551944516247
spend,Mens e-mail,Transformed outcome,0.16,131.08730634335527
spend,Mens e-mail,Transformed outcome,0.17,126.40105740259308
spend,Mens e-mail,Transformed outcome,0.18,128.27922248918046
spend,Mens e-mail,Transformed outcome,0.19,130.75902709129602
spend,Mens e-mail,Transformed outcome,0.2,119.41815549303381
spend,Mens e-mail,Transformed outcome,0.21,117.52779814619495
spend,Mens e-mail,Transformed outcome,0.22,123.88545206187165
spend,Mens e-mail,Transformed outcome,0.23,150.18532589804508
spend,Mens e-mail,Transformed outcome,0.24,156.4568635306327
spend,Mens e-mail,Transformed outcome,0.25,140.4661775872582
spend,Mens e-mail,Transformed outcome,0.26,137.5624336441917
spend,Mens e-mail,Transformed outcome,0.27,132.94220010674655
spend,Mens e-mail,Transformed outcome,0.28,135.89062783846552
spend,Mens e-mail,Transformed outcome,0.29,153.2768555843838
spend,Mens e-mail,Transformed outcome,0.3,151.79360947893215
spend,Mens e-mail,Transformed outcome,0.31,161.36425388630147
spend,Mens e-mail,Transformed outcome,0.32,164.86975508704234
spend,Mens e-mail,Transformed outcome,0.33,178.5884797557027
spend,Mens e-mail,Transformed outcome,0.34,186.76300810110098
spend,Mens e-mail,Transformed outcome,0.35,208.64751062294727
spend,Mens e-mail,Transformed outcome,0.36,205.40308525010718
spend,Mens e-mail,Transformed outcome,0.37,239.99283331215784
spend,Mens e-mail,Transformed outcome,0.38,256.302069316727
spend,Mens e-mail,Transformed outcome,0.39,255.79156752303962
spend,Mens e-mail,Transformed outcome,0.4,257.77536778944153
spend,Mens e-mail,Transformed outcome,0.41,298.97656733365505
spend,Mens e-mail,Transformed outcome,0.42,338.5407142830827
spend,Mens e-mail,Transformed outcome,0.43,327.2975132368764
spend,Mens e-mail,Transformed outcome,0.44,329.45430295748565
spend,Mens e-mail,Transformed outcome,0.45,324.4276645976012
spend,Mens e-mail,Transformed outcome,0.46,329.2693124516796
spend,Mens e-mail,Transformed outcome,0.47,335.25041158314207
spend,Mens e-mail,Transformed outcome,0.48,339.22679413895816
spend,Mens e-mail,Transformed outcome,0.49,324.24161936068367
spend,Mens e-mail,Transformed outcome,0.5,351.79937558238265
spend,Mens e-mail,Transformed outcome,0.51,355.161054357211
spend,Mens e-mail,Transformed outcome,0.52,361.02565277588394
spend,Mens e-mail,Transformed outcome,0.53,364.4019374930587
spend,Mens e-mail,Transformed outcome,0.54,374.536658992169
spend,Mens e-mail,Transformed outcome,0.55,378.6536609829692
spend,Mens e-mail,Transformed outcome,0.56,400.2151415762845
spend,Mens e-mail,Transformed outcome,0.57,409.73828301772875
spend,Mens e-mail,Transformed outcome,0.58,410.48707864124106
spend,Mens e-mail,Transformed outcome,0.59,424.69495519828365
spend,Mens e-mail,Transformed outcome,0.6,451.78284581027435
spend,Mens e-mail,Transformed outcome,0.61,444.9859891183312
spend,Mens e-mail,Transformed outcome,0.62,446.070232762263
spend,Mens e-mail,Transformed outcome,0.63,438.5159748211307
spend,Mens e-mail,Transformed outcome,0.64,417.58973255479486
spend,Mens e-mail,Transformed outcome,0.65,429.3612780099077
spend,Mens e-mail,Transformed outcome,0.66,425.9779253055728
spend,Mens e-mail,Transformed outcome,0.67,426.98204411993856
spend,Mens e-mail,Transformed outcome,0.68,472.343798531424
spend,Mens e-mail,Transformed outcome,0.69,488.8785561056627
spend,Mens e-mail,Transformed outcome,0.7,526.7789167431467
spend,Mens e-mail,Transformed outcome,0.71,525.2650366373313
spend,Mens e-mail,Transformed outcome,0.72,579.6642907043522
spend,Mens e-mail,Transformed outcome,0.73,595.9531545313071
spend,Mens e-mail,Transformed outcome,0.74,596.396071659922
spend,Mens e-mail,Transformed outcome,0.75,592.3046832169742
spend,Mens e-mail,Transformed outcome,0.76,578.7022237929975
spend,Mens e-mail,Transformed outcome,0.77,578.9042422820811
spend,Mens e-mail,Transformed outcome,0.78,566.74147747742
spend,Mens e-mail,Transformed outcome,0.79,569.705068560277
spend,Mens e-mail,Transformed outcome,0.8,572.405435183649
spend,Mens e-mail,Transformed outcome,0.81,573.880070164654
spend,Mens e-mail,Transformed outcome,0.82,565.3858742430116
spend,Mens e-mail,Transformed outcome,0.83,573.0452658903197
spend,Mens e-mail,Transformed outcome,0.84,583.9463552164094
spend,Mens e-mail,Transformed outcome,0.85,599.9218925480196
spend,Mens e-mail,Transformed outcome,0.86,605.7071019997085
spend,Mens e-mail,Transformed outcome,0.87,633.0108629399114
spend,Mens e-mail,Transformed outcome,0.88,647.0170001514584
spend,Mens e-mail,Transformed outcome,0.89,651.2122091118176
spend,Mens e-mail,Transformed outcome,0.9,660.9290831331809
spend,Mens e-mail,Transformed outcome,0.91,672.0254510078016
spend,Mens e-mail,Transformed outcome,0.92,676.3476917319289
spend,Mens e-mail,Transformed outcome,0.93,676.4796738370911
spend,Mens e-mail,Transformed outcome,0.94,679.1419018841497
spend,Mens e-mail,Transformed outcome,0.95,692.6997952362658
spend,Mens e-mail,Transformed outcome,0.96,729.1916867069561
spend,Mens e-mail,Transformed outcome,0.97,752.3923935528729
spend,Mens e-mail,Transformed outcome,0.98,783.9094101865464
spend,Mens e-mail,Transformed outcome,0.99,764.8108997132703
spend,Mens e-mail,Transformed outcome,1.0,769.8271558945387
spend,Mens e-mail,X-learner,0.0,0.0
spend,Mens e-mail,X-learner,0.01,12.781802137487634
spend,Mens e-mail,X-learner,0.02,5.939841820299093
spend,Mens e-mail,X-learner,0.03,9.463102080403788
spend,Mens e-mail,X-learner,0.04,17.25194099145797
spend,Mens e-mail,X-learner,0.05,31.203400241681504
spend,Mens e-mail,X-learner,0.06,34.29433518269413
spend,Mens e-mail,X-learner,0.07,63.09407583433005
spend,Mens e-mail,X-learner,0.08,67.41947683546253
spend,Mens e-mail,X-learner,0.09,62.01248144140474
spend,Mens e-mail,X-learner,0.1,85.13574647299133
spend,Mens e-mail,X-learner,0.11,90.85351537271707
spend,Mens e-mail,X-learner,0.12,115.44585985378974
spend,Mens e-mail,X-learner,0.13,111.51872439747366
spend,Mens e-mail,X-learner,0.14,129.10434954613993
spend,Mens e-mail,X-learner,0.15,149.59863271342448
spend,Mens e-mail,X-learner,0.16,145.68965059884843
spend,Mens e-mail,X-learner,0.17,155.88511901159694
spend,Mens e-mail,X-learner,0.18,146.66581734939055
spend,Mens e-mail,X-learner,0.19,136.27192113363125
spend,Mens e-mail,X-learner,0.2,146.30571162320086
spend,Mens e-mail,X-learner,0.21,150.69335561818374
spend,Mens e-mail,X-learner,0.22,151.8896992479077
spend,Mens e-mail,X-learner,0.23,175.84984442855392
spend,Mens e-mail,X-learner,0.24,203.01717794644134
spend,Mens e-mail,X-learner,0.25,205.64266175686382
spend,Mens e-mail,X-learner,0.26,206.59571888581203
spend,Mens e-mail,X-learner,0.27,237.18713982139252
spend,Mens e-mail,X-learner,0.28,232.9889514421645
spend,Mens e-mail,X-learner,0.29,233.3889035318813
spend,Mens e-mail,X-learner,0.3,211.36877061402436
spend,Mens e-mail,X-learner,0.31,189.59540115489028
spend,Mens e-mail,X-learner,0.32,190.7541138203151
spend,Mens e-mail,X-learner,0.33,191.32271084894833
spend,Mens e-mail,X-learner,0.34,197.2415911707385
spend,Mens e-mail,X-learner,0.35,241.7430808002782
spend,Mens e-mail,X-learner,0.36,256.756920916947
spend,Mens e-mail,X-learner,0.37,263.1636409870667
spend,Mens e-mail,X-learner,0.38,258.87862694583555
spend,Mens e-mail,X-learner,0.39,267.4283091877156
spend,Mens e-mail,X-learner,0.4,275.4489287676174
spend,Mens e-mail,X-learner,0.41,266.7081298181699
spend,Mens e-mail,X-learner,0.42,270.7084685205279
spend,Mens e-mail,X-learner,0.43,273.42968700279226
spend,Mens e-mail,X-learner,0.44,274.8107939533109
spend,Mens e-mail,X-learner,0.45,302.2897927915146
spend,Mens e-mail,X-learner,0.46,309.2310432889076
spend,Mens e-mail,X-learner,0.47,316.0822299681865
spend,Mens e-mail,X-learner,0.48,314.2500489388084
spend,Mens e-mail,X-learner,0.49,320.7827376556113
spend,Mens e-mail,X-learner,0.5,323.83728027536466
spend,Mens e-mail,X-learner,0.51,324.2558387425809
spend,Mens e-mail,X-learner,0.52,331.89059280562117
spend,Mens e-mail,X-learner,0.53,312.8434105851302
spend,Mens e-mail,X-learner,0.54,323.69559666661905
spend,Mens e-mail,X-learner,0.55,325.0307126950342
spend,Mens e-mail,X-learner,0.56,344.63849796670166
spend,Mens e-mail,X-learner,0.57,329.7782998356868
spend,Mens e-mail,X-learner,0.58,355.82023463689984
spend,Mens e-mail,X-learner,0.59,353.2196949913321
spend,Mens e-mail,X-learner,0.6,370.248555948212
spend,Mens e-mail,X-learner,0.61,378.16573475538576
spend,Mens e-mail,X-learner,0.62,390.3647354135209
spend,Mens e-mail,X-learner,0.63,409.53047703368975
spend,Mens e-mail,X-learner,0.64,420.87449449997575
spend,Mens e-mail,X-learner,0.65,445.5777101829864
spend,Mens e-mail,X-learner,0.66,448.4285746952078
spend,Mens e-mail,X-learner,0.67,475.5358379672668
spend,Mens e-mail,X-learner,0.68,481.48520395138553
spend,Mens e-mail,X-learner,0.69,493.6452880294435
spend,Mens e-mail,X-learner,0.7,500.9576250710094
spend,Mens e-mail,X-learner,0.71,501.0089268500566
spend,Mens e-mail,X-learner,0.72,513.0231613931314
spend,Mens e-mail,X-learner,0.73,537.5802065704098
spend,Mens e-mail,X-learner,0.74,532.9593992914039
spend,Mens e-mail,X-learner,0.75,531.6904562557644
spend,Mens e-mail,X-learner,0.76,544.8362742035582
spend,Mens e-mail,X-learner,0.77,559.4170783709204
spend,Mens e-mail,X-learner,0.78,587.6074244576558
spend,Mens e-mail,X-learner,0.79,585.3611469161604
spend,Mens e-mail,X-learner,0.8,584.2325392494432
spend,Mens e-mail,X-learner,0.81,578.6772653232641
spend,Mens e-mail,X-learner,0.82,580.894315731611
spend,Mens e-mail,X-learner,0.83,600.3576056149318
spend,Mens e-mail,X-learner,0.84,611.16849615114
spend,Mens e-mail,X-learner,0.85,624.9200228761055
spend,Mens e-mail,X-learner,0.86,639.6270270319519
spend,Mens e-mail,X-learner,0.87,626.7286123233437
spend,Mens e-mail,X-learner,0.88,640.7859134370518
spend,Mens e-mail,X-learner,0.89,663.7483375129209
spend,Mens e-mail,X-learner,0.9,676.7614400361346
spend,Mens e-mail,X-learner,0.91,697.4341001126055
spend,Mens e-mail,X-learner,0.92,700.7375340598683
spend,Mens e-mail,X-learner,0.93,741.6144496414664
spend,Mens e-mail,X-learner,0.94,745.4662846524141
spend,Mens e-mail,X-learner,0.95,750.2942188352692
spend,Mens e-mail,X-learner,0.96,734.6775188624335
spend,Mens e-mail,X-learner,0.97,771.6616842436114
spend,Mens e-mail,X-learner,0.98,768.7990195408155
spend,Mens e-mail,X-learner,0.99,763.1091940665252
spend,Mens e-mail,X-learner,1.0,769.8271558945387
spend,Mens e-mail,Response model,0.0,0.0
spend,Mens e-mail,Response model,0.01,19.597130816056687
spend,Mens e-mail,Response model,0.02,5.070952374611056
spend,Mens e-mail,Response model,0.03,1.3519282653945446
spend,Mens e-mail,Response model,0.04,19.81270279042455
spend,Mens e-mail,Response model,0.05,32.35784313036753
spend,Mens e-mail,Response model,0.06,45.973386743781134
spend,Mens e-mail,Response model,0.07,53.77080453843167
spend,Mens e-mail,Response model,0.08,57.131536556456986
spend,Mens e-mail,Response model,0.09,61.517205691911784
spend,Mens e-mail,Response model,0.1,68.29746141150589
spend,Mens e-mail,Response model,0.11,70.3392333980976
spend,Mens e-mail,Response model,0.12,65.68674045650341
spend,Mens e-mail,Response model,0.13,96.8379615612483
spend,Mens e-mail,Response model,0.14,98.1424227192879
spend,Mens e-mail,Response model,0.15,84.1766935433795
spend,Mens e-mail,Response model,0.16,110.27779403600186
spend,Mens e-mail,Response model,0.17,127.89238489531814
spend,Mens e-mail,Response model,0.18,139.6839429482895
spend,Mens e-mail,Response model,0.19,160.9868849874651
spend,Mens e-mail,Response model,0.2,161.08522589698293
spend,Mens e-mail,Response model,0.21,181.07065813636052
spend,Mens e-mail,Response model,0.22,198.577443087786
spend,Mens e-mail,Response model,0.23,210.49434071915837
spend,Mens e-mail,Response model,0.24,210.2608774186388
spend,Mens e-mail,Response model,0.25,213.08746958141805
spend,Mens e-mail,Response model,0.26,240.47776242060934
spend,Mens e-mail,Response model,0.27,227.80300508481284
spend,Mens e-mail,Response model,0.28,250.22617806220464
spend,Mens e-mail,Response model,0.29,250.56090295946586
spend,Mens e-mail,Response model,0.3,262.3849819521214
spend,Mens e-mail,Response model,0.31,233.82050689528384
spend,Mens e-mail,Response model,0.32,235.2586727730056
spend,Mens e-mail,Response model,0.33,247.26225248622944
spend,Mens e-mail,Response model,0.34,215.06404926922662
spend,Mens e-mail,Response model,0.35,211.35524993346957
spend,Mens e-mail,Response model,0.36,203.00198656894503
spend,Mens e-mail,Response model,0.37,196.23985899598367
spend,Mens e-mail,Response model,0.38,216.5688106982577
spend,Mens e-mail,Response model,0.39,244.03596690286477
spend,Mens e-mail,Response model,0.4,250.6540485773277
spend,Mens e-mail,Response model,0.41,262.41949548128696
spend,Mens e-mail,Response model,0.42,241.86797462240298
spend,Mens e-mail,Response model,0.43,238.42111999093302
spend,Mens e-mail,Response model,0.44,268.1104098210111
spend,Mens e-mail,Response model,0.45,295.9712843012046
spend,Mens e-mail,Response model,0.46,297.55873382813087
spend,Mens e-mail,Response model,0.47,298.7920969174899
spend,Mens e-mail,Response model,0.48,292.15566774038706
spend,Mens e-mail,Response model,0.49,318.164160909639
spend,Mens e-mail,Response model,0.5,309.05194730754056
spend,Mens e-mail,Response model,0.51,307.88507705362645
spend,Mens e-mail,Response model,0.52,328.33307104740294
spend,Mens e-mail,Response model,0.53,352.35216785011426
spend,Mens e-mail,Response model,0.54,376.30959730545834
spend,Mens e-mail,Response model,0.55,418.71937081141743
spend,Mens e-mail,Response model,0.56,413.21483683490754
spend,Mens e-mail,Response model,0.57,417.41193676471613
spend,Mens e-mail,Response model,0.58,434.1284112658429
spend,Mens e-mail,Response model,0.59,442.96062379422955
spend,Mens e-mail,Response model,0.6,441.22976813943774
spend,Mens e-mail,Response model,0.61,435.9612596391935
spend,Mens e-mail,Response model,0.62,469.1398431348323
spend,Mens e-mail,Response model,0.63,501.93285585314516
spend,Mens e-mail,Response model,0.64,515.4285280349799
spend,Mens e-mail,Response model,0.65,525.017136085079
spend,Mens e-mail,Response model,0.66,515.2995271175398
spend,Mens e-mail,Response model,0.67,539.0651977937442
spend,Mens e-mail,Response model,0.68,551.2095020226395
spend,Mens e-mail,Response model,0.69,544.4176871484146
spend,Mens e-mail,Response model,0.7,553.0819044374846
spend,Mens e-mail,Response model,0.71,560.8918630239558
spend,Mens e-mail,Response model,0.72,563.5875291660639
spend,Mens e-mail,Response model,0.73,567.3608793286111
spend,Mens e-mail,Response model,0.74,587.0050488722645
spend,Mens e-mail,Response model,0.75,597.8067034964579
spend,Mens e-mail,Response model,0.76,592.4567759625822
spend,Mens e-mail,Response model,0.77,591.6283727477154
spend,Mens e-mail,Response model,0.78,582.2523341675625
spend,Mens e-mail,Response model,0.79,595.0799140865645
spend,Mens e-mail,Response model,0.8,607.8529446194107
spend,Mens e-mail,Response model,0.81,607.6230360169862
spend,Mens e-mail,Response model,0.82,603.9510312893968
spend,Mens e-mail,Response model,0.83,604.3411157866234
spend,Mens e-mail,Response model,0.84,605.304993991284
spend,Mens e-mail,Response model,0.85,611.4159176843372
spend,Mens e-mail,Response model,0.86,612.8402079006911
spend,Mens e-mail,Response model,0.87,614.4399519932401
spend,Mens e-mail,Response model,0.88,621.9630131085079
spend,Mens e-mail,Response model,0.89,627.6885242289574
spend,Mens e-mail,Response model,0.9,628.2515852727528
spend,Mens e-mail,Response model,0.91,650.0551532780308
spend,Mens e-mail,Response model,0.92,647.6026663425176
spend,Mens e-mail,Response model,0.93,660.1132997870106
spend,Mens e-mail,Response model,0.94,657.9397903033896
spend,Mens e-mail,Response model,0.95,687.8840343422527
spend,Mens e-mail,Response model,0.96,696.1376938561125
spend,Mens e-mail,Response model,0.97,728.0855359501975
spend,Mens e-mail,Response model,0.98,736.2892654352705
spend,Mens e-mail,Response model,0.99,758.5066111103043
spend,Mens e-mail,Response model,1.0,769.8271558945379
spend,Womens e-mail,DR-learner,0.0,0.0
spend,Womens e-mail,DR-learner,0.01,10.729714100370131
spend,Womens e-mail,DR-learner,0.02,41.69474000857255
spend,Womens e-mail,DR-learner,0.03,25.61448506544477
spend,Womens e-mail,DR-learner,0.04,44.760055053002795
spend,Womens e-mail,DR-learner,0.05,48.22229517983504
spend,Womens e-mail,DR-learner,0.06,49.377493487461315
spend,Womens e-mail,DR-learner,0.07,32.81051530325814
spend,Womens e-mail,DR-learner,0.08,31.404414445043216
spend,Womens e-mail,DR-learner,0.09,31.561859015020058
spend,Womens e-mail,DR-learner,0.1,42.1192380793499
spend,Womens e-mail,DR-learner,0.11,49.7088379076746
spend,Womens e-mail,DR-learner,0.12,96.08324315969121
spend,Womens e-mail,DR-learner,0.13,102.53526918675561
spend,Womens e-mail,DR-learner,0.14,125.9700203271362
spend,Womens e-mail,DR-learner,0.15,125.60462137577885
spend,Womens e-mail,DR-learner,0.16,134.2345417102191
spend,Womens e-mail,DR-learner,0.17,135.31120674171754
spend,Womens e-mail,DR-learner,0.18,156.98211336833975
spend,Womens e-mail,DR-learner,0.19,166.59710977654893
spend,Womens e-mail,DR-learner,0.2,160.26697010949457
spend,Womens e-mail,DR-learner,0.21,152.47280964162994
spend,Womens e-mail,DR-learner,0.22,171.5383155880956
spend,Womens e-mail,DR-learner,0.23,173.71287458498261
spend,Womens e-mail,DR-learner,0.24,206.82232234404137
spend,Womens e-mail,DR-learner,0.25,228.60525275181334
spend,Womens e-mail,DR-learner,0.26,249.96685982431129
spend,Womens e-mail,DR-learner,0.27,250.97481164209478
spend,Womens e-mail,DR-learner,0.28,244.10760656393327
spend,Womens e-mail,DR-learner,0.29,240.4555360396091
spend,Womens e-mail,DR-learner,0.3,235.32840278083538
spend,Womens e-mail,DR-learner,0.31,227.70404975654776
spend,Womens e-mail,DR-learner,0.32,191.7789240442452
spend,Womens e-mail,DR-learner,0.33,204.96868868472956
spend,Womens e-mail,DR-learner,0.34,205.22264397791574
spend,Womens e-mail,DR-learner,0.35,201.96451867082254
spend,Womens e-mail,DR-learner,0.36,191.991705657573
spend,Womens e-mail,DR-learner,0.37,197.11813543863008
spend,Womens e-mail,DR-learner,0.38,200.2585110728034
spend,Womens e-mail,DR-learner,0.39,186.16922118391275
spend,Womens e-mail,DR-learner,0.4,209.1450976682642
spend,Womens e-mail,DR-learner,0.41,211.8350188536689
spend,Womens e-mail,DR-learner,0.42,211.3692448979936
spend,Womens e-mail,DR-learner,0.43,207.92734601517694
spend,Womens e-mail,DR-learner,0.44,212.89174907228
spend,Womens e-mail,DR-learner,0.45,216.96478401448888
spend,Womens e-mail,DR-learner,0.46,209.92537556294778
spend,Womens e-mail,DR-learner,0.47,183.53403289981284
spend,Womens e-mail,DR-learner,0.48,200.09949014499293
spend,Womens e-mail,DR-learner,0.49,196.8205466885885
spend,Womens e-mail,DR-learner,0.5,193.1216052465944
spend,Womens e-mail,DR-learner,0.51,193.73422036786354
spend,Womens e-mail,DR-learner,0.52,183.50669813136534
spend,Womens e-mail,DR-learner,0.53,205.03419308771302
spend,Womens e-mail,DR-learner,0.54,201.4432510085836
spend,Womens e-mail,DR-learner,0.55,202.66562821302193
spend,Womens e-mail,DR-learner,0.56,199.78573533599305
spend,Womens e-mail,DR-learner,0.57,193.4126524687058
spend,Womens e-mail,DR-learner,0.58,190.6545393183789
spend,Womens e-mail,DR-learner,0.59,203.164911495447
spend,Womens e-mail,DR-learner,0.6,201.1394989531392
spend,Womens e-mail,DR-learner,0.61,207.25157155675473
spend,Womens e-mail,DR-learner,0.62,213.7735251115134
spend,Womens e-mail,DR-learner,0.63,216.8333488012836
spend,Womens e-mail,DR-learner,0.64,219.45982121331573
spend,Womens e-mail,DR-learner,0.65,240.86340241025601
spend,Womens e-mail,DR-learner,0.66,238.1296117746997
spend,Womens e-mail,DR-learner,0.67,234.5099846648638
spend,Womens e-mail,DR-learner,0.68,239.75679047865341
spend,Womens e-mail,DR-learner,0.69,244.72187279582792
spend,Womens e-mail,DR-learner,0.7,245.17381128427115
spend,Womens e-mail,DR-learner,0.71,241.7412547994654
spend,Womens e-mail,DR-learner,0.72,266.00281503999236
spend,Womens e-mail,DR-learner,0.73,269.1887095646271
spend,Womens e-mail,DR-learner,0.74,312.3281295852377
spend,Womens e-mail,DR-learner,0.75,311.8223945905439
spend,Womens e-mail,DR-learner,0.76,327.98144291606945
spend,Womens e-mail,DR-learner,0.77,335.83030472776636
spend,Womens e-mail,DR-learner,0.78,345.22623855474893
spend,Womens e-mail,DR-learner,0.79,335.4207467104711
spend,Womens e-mail,DR-learner,0.8,331.6104425755772
spend,Womens e-mail,DR-learner,0.81,329.21568319106126
spend,Womens e-mail,DR-learner,0.82,350.1176393680899
spend,Womens e-mail,DR-learner,0.83,349.740294650388
spend,Womens e-mail,DR-learner,0.84,339.58834861598757
spend,Womens e-mail,DR-learner,0.85,347.71971281887323
spend,Womens e-mail,DR-learner,0.86,346.9696918607488
spend,Womens e-mail,DR-learner,0.87,349.3717375142124
spend,Womens e-mail,DR-learner,0.88,347.3803665184894
spend,Womens e-mail,DR-learner,0.89,357.48220701424003
spend,Womens e-mail,DR-learner,0.9,347.6441471647245
spend,Womens e-mail,DR-learner,0.91,342.0357366930949
spend,Womens e-mail,DR-learner,0.92,348.08686702665744
spend,Womens e-mail,DR-learner,0.93,348.45407237768177
spend,Womens e-mail,DR-learner,0.94,345.0582992268269
spend,Womens e-mail,DR-learner,0.95,352.7749163563084
spend,Womens e-mail,DR-learner,0.96,373.21578912687795
spend,Womens e-mail,DR-learner,0.97,377.6466630279302
spend,Womens e-mail,DR-learner,0.98,402.7720454995803
spend,Womens e-mail,DR-learner,0.99,420.2772017912537
spend,Womens e-mail,DR-learner,1.0,424.41221593659776
spend,Womens e-mail,S-learner,0.0,0.0
spend,Womens e-mail,S-learner,0.01,-16.293977203628597
spend,Womens e-mail,S-learner,0.02,-22.39128351316234
spend,Womens e-mail,S-learner,0.03,-21.17350222732715
spend,Womens e-mail,S-learner,0.04,4.200326730727758
spend,Womens e-mail,S-learner,0.05,-17.358335585181532
spend,Womens e-mail,S-learner,0.06,18.43493144865635
spend,Womens e-mail,S-learner,0.07,13.369553301209505
spend,Womens e-mail,S-learner,0.08,16.011091152833828
spend,Womens e-mail,S-learner,0.09,14.684738554341887
spend,Womens e-mail,S-learner,0.1,14.788593256607305
spend,Womens e-mail,S-learner,0.11,42.96978806336864
spend,Womens e-mail,S-learner,0.12,42.466629664310965
spend,Womens e-mail,S-learner,0.13,58.44149682322029
spend,Womens e-mail,S-learner,0.14,42.10681382286579
spend,Womens e-mail,S-learner,0.15,56.23011438694342
spend,Womens e-mail,S-learner,0.16,69.91310740185142
spend,Womens e-mail,S-learner,0.17,87.77227712032354
spend,Womens e-mail,S-learner,0.18,92.79777588623513
spend,Womens e-mail,S-learner,0.19,112.14927286238562
spend,Womens e-mail,S-learner,0.2,129.97482838911372
spend,Womens e-mail,S-learner,0.21,153.88474308094584
spend,Womens e-mail,S-learner,0.22,163.35895347493104
spend,Womens e-mail,S-learner,0.23,160.14883448309124
spend,Womens e-mail,S-learner,0.24,186.25500505801816
spend,Womens e-mail,S-learner,0.25,202.3092787643246
spend,Womens e-mail,S-learner,0.26,226.6383366052252
spend,Womens e-mail,S-learner,0.27,226.26682547718664
spend,Womens e-mail,S-learner,0.28,212.93311765419796
spend,Womens e-mail,S-learner,0.29,213.89690513073342
spend,Womens e-mail,S-learner,0.3,222.76935612212742
spend,Womens e-mail,S-learner,0.31,214.48111242926907
spend,Womens e-mail,S-learner,0.32,212.68021409087936
spend,Womens e-mail,S-learner,0.33,222.65539017337778
spend,Womens e-mail,S-learner,0.34,228.34044018166236
spend,Womens e-mail,S-learner,0.35,242.05048825147026
spend,Womens e-mail,S-learner,0.36,250.82778664486005
spend,Womens e-mail,S-learner,0.37,262.69995792512435
spend,Womens e-mail,S-learner,0.38,255.7434433928027
spend,Womens e-mail,S-learner,0.39,248.07272603938708
spend,Womens e-mail,S-learner,0.4,249.0454753037862
spend,Womens e-mail,S-learner,0.41,261.98609644507206
spend,Womens e-mail,S-learner,0.42,256.6400984645096
spend,Womens e-mail,S-learner,0.43,274.8860574867908
spend,Womens e-mail,S-learner,0.44,285.45217732732397
spend,Womens e-mail,S-learner,0.45,296.0875542629377
spend,Womens e-mail,S-learner,0.46,297.5793668302686
spend,Womens e-mail,S-learner,0.47,303.1027131925978
spend,Womens e-mail,S-learner,0.48,301.580040820779
spend,Womens e-mail,S-learner,0.49,298.2726202886434
spend,Womens e-mail,S-learner,0.5,298.2009907828028
spend,Womens e-mail,S-learner,0.51,301.3027893408268
spend,Womens e-mail,S-learner,0.52,306.77678160348694
spend,Womens e-mail,S-learner,0.53,291.6794208219876
spend,Womens e-mail,S-learner,0.54,291.0453933460409
spend,Womens e-mail,S-learner,0.55,295.3476537549499
spend,Womens e-mail,S-learner,0.56,314.4611417382817
spend,Womens e-mail,S-learner,0.57,339.6924249749246
spend,Womens e-mail,S-learner,0.58,347.3340684665814
spend,Womens e-mail,S-learner,0.59,364.66689497481633
spend,Womens e-mail,S-learner,0.6,383.528342880845
spend,Womens e-mail,S-learner,0.61,387.6411879126988
spend,Womens e-mail,S-learner,0.62,367.47777367114446
spend,Womens e-mail,S-learner,0.63,338.62025359894074
spend,Womens e-mail,S-learner,0.64,340.8781089049567
spend,Womens e-mail,S-learner,0.65,340.54348924748865
spend,Womens e-mail,S-learner,0.66,347.3447101873701
spend,Womens e-mail,S-learner,0.67,339.46573472323104
spend,Womens e-mail,S-learner,0.68,338.1259042787779
spend,Womens e-mail,S-learner,0.69,340.87899028592426
spend,Womens e-mail,S-learner,0.7,339.71343242803704
spend,Womens e-mail,S-learner,0.71,336.69493740023995
spend,Womens e-mail,S-learner,0.72,344.122369534169
spend,Womens e-mail,S-learner,0.73,324.85562688986823
spend,Womens e-mail,S-learner,0.74,324.6723148452834
spend,Womens e-mail,S-learner,0.75,302.67808990027333
spend,Womens e-mail,S-learner,0.76,303.7339366749903
spend,Womens e-mail,S-learner,0.77,298.8830734975346
spend,Womens e-mail,S-learner,0.78,334.8372617987748
spend,Womens e-mail,S-learner,0.79,335.0908633976524
spend,Womens e-mail,S-learner,0.8,351.52440341088914
spend,Womens e-mail,S-learner,0.81,351.48831423633993
spend,Womens e-mail,S-learner,0.82,391.792371291272
spend,Womens e-mail,S-learner,0.83,394.3020770361534
spend,Womens e-mail,S-learner,0.84,389.16969117779576
spend,Womens e-mail,S-learner,0.85,362.74473152635505
spend,Womens e-mail,S-learner,0.86,396.3995160728429
spend,Womens e-mail,S-learner,0.87,418.2825909081841
spend,Womens e-mail,S-learner,0.88,437.0966708114347
spend,Womens e-mail,S-learner,0.89,425.57510144968614
spend,Womens e-mail,S-learner,0.9,430.4440322846261
spend,Womens e-mail,S-learner,0.91,443.06294508522603
spend,Womens e-mail,S-learner,0.92,444.8410955157782
spend,Womens e-mail,S-learner,0.93,444.0569767726092
spend,Womens e-mail,S-learner,0.94,432.48508035228684
spend,Womens e-mail,S-learner,0.95,420.22202273167875
spend,Womens e-mail,S-learner,0.96,421.13185493313483
spend,Womens e-mail,S-learner,0.97,412.8332864762173
spend,Womens e-mail,S-learner,0.98,416.25921420986106
spend,Womens e-mail,S-learner,0.99,435.5423387001818
spend,Womens e-mail,S-learner,1.0,424.41221593659833
spend,Womens e-mail,T-learner,0.0,0.0
spend,Womens e-mail,T-learner,0.01,12.292104656822078
spend,Womens e-mail,T-learner,0.02,3.692161553050294
spend,Womens e-mail,T-learner,0.03,23.931970452820387
spend,Womens e-mail,T-learner,0.04,31.51589901930893
spend,Womens e-mail,T-learner,0.05,25.617302697165016
spend,Womens e-mail,T-learner,0.06,51.70600070910548
spend,Womens e-mail,T-learner,0.07,50.11345599950785
spend,Womens e-mail,T-learner,0.08,69.69115154922912
spend,Womens e-mail,T-learner,0.09,75.48773504142416
spend,Womens e-mail,T-learner,0.1,80.6022496125866
spend,Womens e-mail,T-learner,0.11,99.35319926428262
spend,Womens e-mail,T-learner,0.12,124.94622302453367
spend,Womens e-mail,T-learner,0.13,125.66296291305818
spend,Womens e-mail,T-learner,0.14,109.11181647401285
spend,Womens e-mail,T-learner,0.15,112.45758749149256
spend,Womens e-mail,T-learner,0.16,108.6247686217801
spend,Womens e-mail,T-learner,0.17,89.12306153226591
spend,Womens e-mail,T-learner,0.18,88.53850993375498
spend,Womens e-mail,T-learner,0.19,109.0724174325028
spend,Womens e-mail,T-learner,0.2,109.79854418808699
spend,Womens e-mail,T-learner,0.21,111.93467973182378
spend,Womens e-mail,T-learner,0.22,104.03763014911384
spend,Womens e-mail,T-learner,0.23,99.44507983278626
spend,Womens e-mail,T-learner,0.24,91.79640423870926
spend,Womens e-mail,T-learner,0.25,102.00764898450755
spend,Womens e-mail,T-learner,0.26,130.74257170330966
spend,Womens e-mail,T-learner,0.27,142.11736931454828
spend,Womens e-mail,T-learner,0.28,140.05062704734615
spend,Womens e-mail,T-learner,0.29,140.55132829572185
spend,Womens e-mail,T-learner,0.3,140.28319403746394
spend,Womens e-mail,T-learner,0.31,138.48022887492127
spend,Womens e-mail,T-learner,0.32,165.24027021606565
spend,Womens e-mail,T-learner,0.33,167.60921405944384
spend,Womens e-mail,T-learner,0.34,149.28000778571138
spend,Womens e-mail,T-learner,0.35,134.84921146554402
spend,Womens e-mail,T-learner,0.36,131.5848067440819
spend,Womens e-mail,T-learner,0.37,132.7385101942528
spend,Womens e-mail,T-learner,0.38,119.93959650958044
spend,Womens e-mail,T-learner,0.39,116.42713251422646
spend,Womens e-mail,T-learner,0.4,119.42441932562377
spend,Womens e-mail,T-learner,0.41,131.22064119055946
spend,Womens e-mail,T-learner,0.42,135.80776454115238
spend,Womens e-mail,T-learner,0.43,157.18105894110283
spend,Womens e-mail,T-learner,0.44,149.59896106373446
spend,Womens e-mail,T-learner,0.45,139.15251960782183
spend,Womens e-mail,T-learner,0.46,140.1247270051945
spend,Womens e-mail,T-learner,0.47,143.58496879144678
spend,Womens e-mail,T-learner,0.48,157.30406930891084
spend,Womens e-mail,T-learner,0.49,159.2668718560092
spend,Womens e-mail,T-learner,0.5,149.48183163417917
spend,Womens e-mail,T-learner,0.51,150.93477721840944
spend,Womens e-mail,T-learner,0.52,149.780621484214
spend,Womens e-mail,T-learner,0.53,161.12769268053933
spend,Womens e-mail,T-learner,0.54,150.8055105192254
spend,Womens e-mail,T-learner,0.55,156.35991344492228
spend,Womens e-mail,T-learner,0.56,153.37722299487905
spend,Womens e-mail,T-learner,0.57,158.4764663515999
spend,Womens e-mail,T-learner,0.58,162.61421386107483
spend,Womens e-mail,T-learner,0.59,170.9775330452561
spend,Womens e-mail,T-learner,0.6,165.24018704143307
spend,Womens e-mail,T-learner,0.61,173.29759149342456
spend,Womens e-mail,T-learner,0.62,184.00893620146977
spend,Womens e-mail,T-learner,0.63,192.72908870557788
spend,Womens e-mail,T-learner,0.64,189.98289335375264
spend,Womens e-mail,T-learner,0.65,184.65939661111537
spend,Womens e-mail,T-learner,0.66,188.3776478897461
spend,Womens e-mail,T-learner,0.67,198.718471001472
spend,Womens e-mail,T-learner,0.68,210.73696184205235
spend,Womens e-mail,T-learner,0.69,200.33902015049037
spend,Womens e-mail,T-learner,0.7,193.740067658265
spend,Womens e-mail,T-learner,0.71,207.90741896003837
spend,Womens e-mail,T-learner,0.72,207.6096286476442
spend,Womens e-mail,T-learner,0.73,211.97384441386234
spend,Womens e-mail,T-learner,0.74,226.84293269970712
spend,Womens e-mail,T-learner,0.75,227.1724633651783
spend,Womens e-mail,T-learner,0.76,214.86677176028118
spend,Womens e-mail,T-learner,0.77,223.7482648138956
spend,Womens e-mail,T-learner,0.78,249.07966640342363
spend,Womens e-mail,T-learner,0.79,252.047416791179
spend,Womens e-mail,T-learner,0.8,273.6850935247207
spend,Womens e-mail,T-learner,0.81,275.2225549295281
spend,Womens e-mail,T-learner,0.82,284.54251801407395
spend,Womens e-mail,T-learner,0.83,309.4966032334685
spend,Womens e-mail,T-learner,0.84,306.5956853578503
spend,Womens e-mail,T-learner,0.85,313.43029729338724
spend,Womens e-mail,T-learner,0.86,317.43789244873057
spend,Womens e-mail,T-learner,0.87,292.8235294936231
spend,Womens e-mail,T-learner,0.88,293.8757920117346
spend,Womens e-mail,T-learner,0.89,326.50410205999145
spend,Womens e-mail,T-learner,0.9,322.40264701392664
spend,Womens e-mail,T-learner,0.91,323.973507495273
spend,Womens e-mail,T-learner,0.92,330.007005535786
spend,Womens e-mail,T-learner,0.93,356.84614180477297
spend,Womens e-mail,T-learner,0.94,379.4937196175641
spend,Womens e-mail,T-learner,0.95,398.2429741313637
spend,Womens e-mail,T-learner,0.96,401.9840133787927
spend,Womens e-mail,T-learner,0.97,403.1925860791165
spend,Womens e-mail,T-learner,0.98,411.65586056557765
spend,Womens e-mail,T-learner,0.99,415.8098999090915
spend,Womens e-mail,T-learner,1.0,424.4122159365975
spend,Womens e-mail,Transformed outcome,0.0,0.0
spend,Womens e-mail,Transformed outcome,0.01,11.750622512915337
spend,Womens e-mail,Transformed outcome,0.02,46.42997734322723
spend,Womens e-mail,Transformed outcome,0.03,28.934170977640196
spend,Womens e-mail,Transformed outcome,0.04,41.70150227200164
spend,Womens e-mail,Transformed outcome,0.05,38.91317388503594
spend,Womens e-mail,Transformed outcome,0.06,46.96539206069983
spend,Womens e-mail,Transformed outcome,0.07,39.17529102578894
spend,Womens e-mail,Transformed outcome,0.08,45.7898129162346
spend,Womens e-mail,Transformed outcome,0.09,35.65219858587925
spend,Womens e-mail,Transformed outcome,0.1,52.17768609592961
spend,Womens e-mail,Transformed outcome,0.11,54.380862310423744
spend,Womens e-mail,Transformed outcome,0.12,60.77396467935941
spend,Womens e-mail,Transformed outcome,0.13,90.78333786489986
spend,Womens e-mail,Transformed outcome,0.14,99.59936274124284
spend,Womens e-mail,Transformed outcome,0.15,100.00127613024048
spend,Womens e-mail,Transformed outcome,0.16,112.03912890022389
spend,Womens e-mail,Transformed outcome,0.17,106.71532804696965
spend,Womens e-mail,Transformed outcome,0.18,112.04738867014987
spend,Womens e-mail,Transformed outcome,0.19,131.63353624171873
spend,Womens e-mail,Transformed outcome,0.2,128.46810454656304
spend,Womens e-mail,Transformed outcome,0.21,137.50469200029335
spend,Womens e-mail,Transformed outcome,0.22,128.79603115244416
spend,Womens e-mail,Transformed outcome,0.23,144.73494356822061
spend,Womens e-mail,Transformed outcome,0.24,146.6440973945086
spend,Womens e-mail,Transformed outcome,0.25,170.41454092082662
spend,Womens e-mail,Transformed outcome,0.26,147.63504843151043
spend,Womens e-mail,Transformed outcome,0.27,156.4380101321508
spend,Womens e-mail,Transformed outcome,0.28,147.46105758072764
spend,Womens e-mail,Transformed outcome,0.29,128.38602432505473
spend,Womens e-mail,Transformed outcome,0.3,114.43972559527285
spend,Womens e-mail,Transformed outcome,0.31,115.99206808420615
spend,Womens e-mail,Transformed outcome,0.32,85.67630807424973
spend,Womens e-mail,Transformed outcome,0.33,82.05039559157153
spend,Womens e-mail,Transformed outcome,0.34,116.02169741228168
spend,Womens e-mail,Transformed outcome,0.35,128.19704647600523
spend,Womens e-mail,Transformed outcome,0.36,138.40321527604806
spend,Womens e-mail,Transformed outcome,0.37,149.50786158974338
spend,Womens e-mail,Transformed outcome,0.38,155.45716147730568
spend,Womens e-mail,Transformed outcome,0.39,160.47280596746074
spend,Womens e-mail,Transformed outcome,0.4,167.74239667437394
spend,Womens e-mail,Transformed outcome,0.41,175.2394712327297
spend,Womens e-mail,Transformed outcome,0.42,180.49632785566953
spend,Womens e-mail,Transformed outcome,0.43,164.44292330354583
spend,Womens e-mail,Transformed outcome,0.44,176.51171607748452
spend,Womens e-mail,Transformed outcome,0.45,146.23093156853955
spend,Womens e-mail,Transformed outcome,0.46,158.54541549553443
spend,Womens e-mail,Transformed outcome,0.47,175.5699779907977
spend,Womens e-mail,Transformed outcome,0.48,182.41150194749346
spend,Womens e-mail,Transformed outcome,0.49,184.44504779132347
spend,Womens e-mail,Transformed outcome,0.5,190.89420019314508
spend,Womens e-mail,Transformed outcome,0.51,218.07328622268054
spend,Womens e-mail,Transformed outcome,0.52,194.43601832929576
spend,Womens e-mail,Transformed outcome,0.53,181.7958833226442
spend,Womens e-mail,Transformed outcome,0.54,180.65519030310094
spend,Womens e-mail,Transformed outcome,0.55,187.03361829100746
spend,Womens e-mail,Transformed outcome,0.56,192.35344624513326
spend,Womens e-mail,Transformed outcome,0.57,193.0679396925427
spend,Womens e-mail,Transformed outcome,0.58,201.22345347294953
spend,Womens e-mail,Transformed outcome,0.59,200.59864280776992
spend,Womens e-mail,Transformed outcome,0.6,198.36017009641628
spend,Womens e-mail,Transformed outcome,0.61,200.23896832860666
spend,Womens e-mail,Transformed outcome,0.62,201.16837896337935
spend,Womens e-mail,Transformed outcome,0.63,220.7240849364083
spend,Womens e-mail,Transformed outcome,0.64,249.57902538805587
spend,Womens e-mail,Transformed outcome,0.65,255.38321139874154
spend,Womens e-mail,Transformed outcome,0.66,255.70896226746703
spend,Womens e-mail,Transformed outcome,0.67,271.61692490560745
spend,Womens e-mail,Transformed outcome,0.68,276.62753079815036
spend,Womens e-mail,Transformed outcome,0.69,277.17344489234756
spend,Womens e-mail,Transformed outcome,0.7,276.01875852597016
spend,Womens e-mail,Transformed outcome,0.71,277.0421861232144
spend,Womens e-mail,Transformed outcome,0.72,286.3175617550178
spend,Womens e-mail,Transformed outcome,0.73,274.1318102247138
spend,Womens e-mail,Transformed outcome,0.74,291.3165884466752
spend,Womens e-mail,Transformed outcome,0.75,295.218146310287
spend,Womens e-mail,Transformed outcome,0.76,289.90281582581724
spend,Womens e-mail,Transformed outcome,0.77,288.5470667412861
spend,Womens e-mail,Transformed outcome,0.78,297.00433527754194
spend,Womens e-mail,Transformed outcome,0.79,310.8904818636568
spend,Womens e-mail,Transformed outcome,0.8,307.91531636610176
spend,Womens e-mail,Transformed outcome,0.81,321.20976327457055
spend,Womens e-mail,Transformed outcome,0.82,331.97038399604304
spend,Womens e-mail,Transformed outcome,0.83,317.37147084955
spend,Womens e-mail,Transformed outcome,0.84,342.93652715252483
spend,Womens e-mail,Transformed outcome,0.85,348.2278334520974
spend,Womens e-mail,Transformed outcome,0.86,349.9076049596463
spend,Womens e-mail,Transformed outcome,0.87,347.04399253579936
spend,Womens e-mail,Transformed outcome,0.88,354.90920141068364
spend,Womens e-mail,Transformed outcome,0.89,345.4830467097072
spend,Womens e-mail,Transformed outcome,0.9,343.43052449608973
spend,Womens e-mail,Transformed outcome,0.91,351.9428698259595
spend,Womens e-mail,Transformed outcome,0.92,352.8932567934525
spend,Womens e-mail,Transformed outcome,0.93,348.4709122281059
spend,Womens e-mail,Transformed outcome,0.94,347.72405798756967
spend,Womens e-mail,Transformed outcome,0.95,346.11911202142824
spend,Womens e-mail,Transformed outcome,0.96,345.57008251022546
spend,Womens e-mail,Transformed outcome,0.97,369.7117359242569
spend,Womens e-mail,Transformed outcome,0.98,414.22678248141744
spend,Womens e-mail,Transformed outcome,0.99,424.8210416599003
spend,Womens e-mail,Transformed outcome,1.0,424.4122159365978
spend,Womens e-mail,X-learner,0.0,0.0
spend,Womens e-mail,X-learner,0.01,4.681451654382814
spend,Womens e-mail,X-learner,0.02,17.62257916889174
spend,Womens e-mail,X-learner,0.03,1.1187748955768355
spend,Womens e-mail,X-learner,0.04,5.325181251999462
spend,Womens e-mail,X-learner,0.05,9.854179777020738
spend,Womens e-mail,X-learner,0.06,17.82917383598105
spend,Womens e-mail,X-learner,0.07,28.000879624666638
spend,Womens e-mail,X-learner,0.08,22.46018809699801
spend,Womens e-mail,X-learner,0.09,69.54138825767058
spend,Womens e-mail,X-learner,0.1,92.69443717578481
spend,Womens e-mail,X-learner,0.11,66.71185291324514
spend,Womens e-mail,X-learner,0.12,94.3624446548753
spend,Womens e-mail,X-learner,0.13,89.8673722731059
spend,Womens e-mail,X-learner,0.14,76.86337822709886
spend,Womens e-mail,X-learner,0.15,77.66275573629551
spend,Womens e-mail,X-learner,0.16,78.67481682202342
spend,Womens e-mail,X-learner,0.17,85.43322597789543
spend,Womens e-mail,X-learner,0.18,93.8027848746733
spend,Womens e-mail,X-learner,0.19,94.4597535910877
spend,Womens e-mail,X-learner,0.2,79.48518148271998
spend,Womens e-mail,X-learner,0.21,78.43712889834131
spend,Womens e-mail,X-learner,0.22,78.80034317937555
spend,Womens e-mail,X-learner,0.23,71.9657416220462
spend,Womens e-mail,X-learner,0.24,83.39508712412724
spend,Womens e-mail,X-learner,0.25,91.53545471333558
spend,Womens e-mail,X-learner,0.26,95.69277865998565
spend,Womens e-mail,X-learner,0.27,81.5405835980856
spend,Womens e-mail,X-learner,0.28,82.21472741109675
spend,Womens e-mail,X-learner,0.29,95.30752932112672
spend,Womens e-mail,X-learner,0.3,109.10793714315724
spend,Womens e-mail,X-learner,0.31,113.62376565329771
spend,Womens e-mail,X-learner,0.32,122.12218960343048
spend,Womens e-mail,X-learner,0.33,130.93497444292962
spend,Womens e-mail,X-learner,0.34,137.97816974483652
spend,Womens e-mail,X-learner,0.35,117.49025712663051
spend,Womens e-mail,X-learner,0.36,118.1880185031098
spend,Womens e-mail,X-learner,0.37,130.42938412728006
spend,Womens e-mail,X-learner,0.38,130.87730275732358
spend,Womens e-mail,X-learner,0.39,132.7797473569701
spend,Womens e-mail,X-learner,0.4,152.75276604192018
spend,Womens e-mail,X-learner,0.41,123.30007449344315
spend,Womens e-mail,X-learner,0.42,124.02151637395094
spend,Womens e-mail,X-learner,0.43,145.0436504764262
spend,Womens e-mail,X-learner,0.44,153.04134625025236
spend,Womens e-mail,X-learner,0.45,155.54533816236395
spend,Womens e-mail,X-learner,0.46,137.39465666685862
spend,Womens e-mail,X-learner,0.47,135.02685821628174
spend,Womens e-mail,X-learner,0.48,132.19429681015583
spend,Womens e-mail,X-learner,0.49,142.78906204273844
spend,Womens e-mail,X-learner,0.5,164.0334990900673
spend,Womens e-mail,X-learner,0.51,156.62118983462884
spend,Womens e-mail,X-learner,0.52,153.96885900761254
spend,Womens e-mail,X-learner,0.53,158.8434208788943
spend,Womens e-mail,X-learner,0.54,157.51574576627817
spend,Womens e-mail,X-learner,0.55,167.99712553143218
spend,Womens e-mail,X-learner,0.56,186.9741887535487
spend,Womens e-mail,X-learner,0.57,195.47924788323982
spend,Womens e-mail,X-learner,0.58,199.02053849371276
spend,Womens e-mail,X-learner,0.59,215.00638452353306
spend,Womens e-mail,X-learner,0.6,216.8658883954589
spend,Womens e-mail,X-learner,0.61,230.82818118505165
spend,Womens e-mail,X-learner,0.62,226.19877296470165
spend,Womens e-mail,X-learner,0.63,228.6769820755006
spend,Womens e-mail,X-learner,0.64,221.1393272185022
spend,Womens e-mail,X-learner,0.65,202.22883239929146
spend,Womens e-mail,X-learner,0.66,225.28305691934375
spend,Womens e-mail,X-learner,0.67,230.07453386937848
spend,Womens e-mail,X-learner,0.68,232.30215500091825
spend,Womens e-mail,X-learner,0.69,234.92758523520504
spend,Womens e-mail,X-learner,0.7,235.45534889389745
spend,Womens e-mail,X-learner,0.71,235.10456715368804
spend,Womens e-mail,X-learner,0.72,244.85484465861848
spend,Womens e-mail,X-learner,0.73,240.6385808333204
spend,Womens e-mail,X-learner,0.74,263.0269928962011
spend,Womens e-mail,X-learner,0.75,268.1513922469318
spend,Womens e-mail,X-learner,0.76,261.3326256560932
spend,Womens e-mail,X-learner,0.77,278.55190088019083
spend,Womens e-mail,X-learner,0.78,262.24777335717994
spend,Womens e-mail,X-learner,0.79,286.71045652883487
spend,Womens e-mail,X-learner,0.8,296.8236082598839
spend,Womens e-mail,X-learner,0.81,298.4412450271398
spend,Womens e-mail,X-learner,0.82,304.90783882038585
spend,Womens e-mail,X-learner,0.83,322.83269104148206
spend,Womens e-mail,X-learner,0.84,322.47328507057847
spend,Womens e-mail,X-learner,0.85,312.60731458099576
spend,Womens e-mail,X-learner,0.86,334.6242266070614
spend,Womens e-mail,X-learner,0.87,346.1480761907908
spend,Womens e-mail,X-learner,0.88,335.5337332076003
spend,Womens e-mail,X-learner,0.89,352.0945509796373
spend,Womens e-mail,X-learner,0.9,403.40022291841575
spend,Womens e-mail,X-learner,0.91,397.65991615535114
spend,Womens e-mail,X-learner,0.92,382.7847409057626
spend,Womens e-mail,X-learner,0.93,379.05036204802985
spend,Womens e-mail,X-learner,0.94,389.4273314615655
spend,Womens e-mail,X-learner,0.95,400.9705989353754
spend,Womens e-mail,X-learner,0.96,405.0338460384152
spend,Womens e-mail,X-learner,0.97,434.30717268227346
spend,Womens e-mail,X-learner,0.98,430.8226101487928
spend,Womens e-mail,X-learner,0.99,420.50882224666503
spend,Womens e-mail,X-learner,1.0,424.41221593659725
spend,Womens e-mail,Response model,0.0,0.0
spend,Womens e-mail,Response model,0.01,-1.0084024582047197
spend,Womens e-mail,Response model,0.02,15.449679018786224
spend,Womens e-mail,Response model,0.03,50.18478604530053
spend,Womens e-mail,Response model,0.04,45.285758845669704
spend,Womens e-mail,Response model,0.05,19.72434785603529
spend,Womens e-mail,Response model,0.06,48.92200409671394
spend,Womens e-mail,Response model,0.07,17.63337688385018
spend,Womens e-mail,Response model,0.08,1.895060264313796
spend,Womens e-mail,Response model,0.09,15.911320463046112
spend,Womens e-mail,Response model,0.1,9.0064365473036
spend,Womens e-mail,Response model,0.11,39.43118722056469
spend,Womens e-mail,Response model,0.12,52.20116917352228
spend,Womens e-mail,Response model,0.13,80.10579657993542
spend,Womens e-mail,Response model,0.14,100.30916436926329
spend,Womens e-mail,Response model,0.15,109.09600047205434
spend,Womens e-mail,Response model,0.16,110.22758485783528
spend,Womens e-mail,Response model,0.17,109.74741540122815
spend,Womens e-mail,Response model,0.18,134.53084921192408
spend,Womens e-mail,Response model,0.19,141.9605655817768
spend,Womens e-mail,Response model,0.2,145.73608113110362
spend,Womens e-mail,Response model,0.21,140.03833394872018
spend,Womens e-mail,Response model,0.22,115.99905602424816
spend,Womens e-mail,Response model,0.23,99.88657486396691
spend,Womens e-mail,Response model,0.24,107.84612953458034
spend,Womens e-mail,Response model,0.25,116.0878548772649
spend,Womens e-mail,Response model,0.26,126.34222640363632
spend,Womens e-mail,Response model,0.27,121.78617439457504
spend,Womens e-mail,Response model,0.28,135.201145192573
spend,Womens e-mail,Response model,0.29,142.70452914444698
spend,Womens e-mail,Response model,0.3,142.19305161610924
spend,Womens e-mail,Response model,0.31,199.08566571256975
spend,Womens e-mail,Response model,0.32,212.29743125208063
spend,Womens e-mail,Response model,0.33,217.41952811984729
spend,Womens e-mail,Response model,0.34,191.41543671828015
spend,Womens e-mail,Response model,0.35,184.78559433659538
spend,Womens e-mail,Response model,0.36,174.35695930414536
spend,Womens e-mail,Response model,0.37,180.36109797548906
spend,Womens e-mail,Response model,0.38,183.22833723092455
spend,Womens e-mail,Response model,0.39,191.10854061159827
spend,Womens e-mail,Response model,0.4,190.77698172548875
spend,Womens e-mail,Response model,0.41,199.0854372502594
spend,Womens e-mail,Response model,0.42,201.2080905086047
spend,Womens e-mail,Response model,0.43,199.64170418512336
spend,Womens e-mail,Response model,0.44,194.19416898764177
spend,Womens e-mail,Response model,0.45,192.719686671021
spend,Womens e-mail,Response model,0.46,182.64849603322338
spend,Womens e-mail,Response model,0.47,204.07088942420384
spend,Womens e-mail,Response model,0.48,211.5055372127018
spend,Womens e-mail,Response model,0.49,216.80374877309174
spend,Womens e-mail,Response model,0.5,221.64810266763837
spend,Womens e-mail,Response model,0.51,232.09232395810034
spend,Womens e-mail,Response model,0.52,231.55362452250725
spend,Womens e-mail,Response model,0.53,228.27590021749197
spend,Womens e-mail,Response model,0.54,220.602289555865
spend,Womens e-mail,Response model,0.55,219.08954867745686
spend,Womens e-mail,Response model,0.56,213.13592652725515
spend,Womens e-mail,Response model,0.57,223.4525981299548
spend,Womens e-mail,Response model,0.58,225.35425697148202
spend,Womens e-mail,Response model,0.59,207.4993650738431
spend,Womens e-mail,Response model,0.6,189.30134965411358
spend,Womens e-mail,Response model,0.61,206.19705144838937
spend,Womens e-mail,Response model,0.62,231.06559915146732
spend,Womens e-mail,Response model,0.63,239.68603302221584
spend,Womens e-mail,Response model,0.64,242.79894643822277
spend,Womens e-mail,Response model,0.65,242.58401050809235
spend,Womens e-mail,Response model,0.66,235.54919669170604
spend,Womens e-mail,Response model,0.67,252.25488301414046
spend,Womens e-mail,Response model,0.68,255.4428477586928
spend,Womens e-mail,Response model,0.69,260.5218394625427
spend,Womens e-mail,Response model,0.7,261.98369354670484
spend,Womens e-mail,Response model,0.71,268.0978066667765
spend,Womens e-mail,Response model,0.72,278.4193305864789
spend,Womens e-mail,Response model,0.73,292.1897987862275
spend,Womens e-mail,Response model,0.74,300.1209603686849
spend,Womens e-mail,Response model,0.75,313.4566172250781
spend,Womens e-mail,Response model,0.76,336.2832145226483
spend,Womens e-mail,Response model,0.77,327.6364136199793
spend,Womens e-mail,Response model,0.78,331.8985394983216
spend,Womens e-mail,Response model,0.79,332.30800585422196
spend,Womens e-mail,Response model,0.8,333.8230826588943
spend,Womens e-mail,Response model,0.81,330.69152077052587
spend,Womens e-mail,Response model,0.82,341.06632965530645
spend,Womens e-mail,Response model,0.83,340.16212968763426
spend,Womens e-mail,Response model,0.84,358.52828190437765
spend,Womens e-mail,Response model,0.85,372.83452231460535
spend,Womens e-mail,Response model,0.86,374.38882556029824
spend,Womens e-mail,Response model,0.87,373.7312289483895
spend,Womens e-mail,Response model,0.88,373.13998414979886
spend,Womens e-mail,Response model,0.89,384.51848005116204
spend,Womens e-mail,Response model,0.9,384.35278393217845
spend,Womens e-mail,Response model,0.91,380.49736338783407
spend,Womens e-mail,Response model,0.92,355.7599386905581
spend,Womens e-mail,Response model,0.93,355.3898658225009
spend,Womens e-mail,Response model,0.94,346.0823159005423
spend,Womens e-mail,Response model,0.95,368.6630142199493
spend,Womens e-mail,Response model,0.96,395.4475809263548
spend,Womens e-mail,Response model,0.97,379.3096729712602
spend,Womens e-mail,Response model,0.98,383.27100916153523
spend,Womens e-mail,Response model,0.99,401.86110458071323
spend,Womens e-mail,Response model,1.0,424.4122159365974
